-- phpMyAdmin SQL Dump
-- version 4.6.6
-- https://www.phpmyadmin.net/
--
-- Host: 192.99.199.82
-- Generation Time: Oct 12, 2017 at 02:01 PM
-- Server version: 5.7.17-0ubuntu0.16.04.1
-- PHP Version: 7.0.16

SET SQL_MODE = "NO_AUTO_VALUE_ON_ZERO";
SET time_zone = "+00:00";


/*!40101 SET @OLD_CHARACTER_SET_CLIENT=@@CHARACTER_SET_CLIENT */;
/*!40101 SET @OLD_CHARACTER_SET_RESULTS=@@CHARACTER_SET_RESULTS */;
/*!40101 SET @OLD_COLLATION_CONNECTION=@@COLLATION_CONNECTION */;
/*!40101 SET NAMES utf8mb4 */;

--
-- Database: `vgInventory`
--

-- --------------------------------------------------------

--
-- Table structure for table `category`
--

CREATE TABLE `category` (
  `catID` int(11) NOT NULL,
  `catText` varchar(50) NOT NULL
) ENGINE=InnoDB DEFAULT CHARSET=latin1;

--
-- Dumping data for table `category`
--

INSERT INTO `category` (`catID`, `catText`) VALUES
(1, 'Game'),
(2, 'Console'),
(3, 'Guide'),
(4, 'Accessory');

-- --------------------------------------------------------

--
-- Table structure for table `condition`
--

CREATE TABLE `condition` (
  `condID` int(11) NOT NULL,
  `condText` varchar(50) NOT NULL
) ENGINE=InnoDB DEFAULT CHARSET=latin1;

--
-- Dumping data for table `condition`
--

INSERT INTO `condition` (`condID`, `condText`) VALUES
(1, 'digital'),
(2, 'used'),
(3, 'complete'),
(4, 'new');

-- --------------------------------------------------------

--
-- Table structure for table `console`
--

CREATE TABLE `console` (
  `conID` int(11) NOT NULL,
  `conText` varchar(75) NOT NULL,
  `conLink` varchar(25) NOT NULL,
  `conOrderBy` int(11) NOT NULL
) ENGINE=InnoDB DEFAULT CHARSET=latin1;

--
-- Dumping data for table `console`
--

INSERT INTO `console` (`conID`, `conText`, `conLink`, `conOrderBy`) VALUES
(1, 'NES', 'nes', 1),
(2, 'SNES', 'super-nintendo', 2),
(3, 'N64', 'nintendo-64', 3),
(4, 'Gamecube', 'gamecube', 4),
(5, 'Wii', 'wii', 5),
(6, 'Wii U', 'wii-u', 6),
(7, 'Gameboy', 'gameboy', 8),
(8, 'DS', 'nintendo-ds', 11),
(11, 'Playstation', 'playstation', 13),
(12, 'Playstation 2', 'playstation-2', 14),
(13, 'Playstation 3', 'playstation-3', 15),
(14, 'PSP', 'psp', 19),
(15, 'Playstation Vita', 'playstation-vita', 20),
(16, 'XBox', 'xbox', 21),
(17, 'XBox 360', 'xbox-360', 22),
(18, 'PC', '', 24),
(19, 'Gameboy Color', 'gameboy-color', 9),
(20, 'Gameboy Advance', 'gameboy-advance', 10),
(21, '3DS', 'nintendo-3ds', 12),
(22, 'PSOne Classic', '', 17),
(23, 'XBox One', 'xbox-one', 23),
(24, 'Playstation 4', 'playstation-4', 16),
(25, 'Console', '', 25),
(26, 'Accessory', '', 26),
(27, 'Guide', '', 27),
(28, 'Switch', 'nintendo-switch', 7),
(29, 'PS2 Classic', '', 18);

-- --------------------------------------------------------

--
-- Table structure for table `extra`
--

CREATE TABLE `extra` (
  `extraID` int(11) NOT NULL,
  `itemID` bigint(20) NOT NULL,
  `extraText` varchar(100) NOT NULL
) ENGINE=InnoDB DEFAULT CHARSET=latin1;

--
-- Dumping data for table `extra`
--

INSERT INTO `extra` (`extraID`, `itemID`, `extraText`) VALUES
(1, 237, 'Blinking Light Win'),
(2, 237, 'Recapped 1/1/2017'),
(3, 228, 'LoZ Hyrule'),
(4, 229, 'LoZ Link Between Worlds'),
(5, 230, 'LoZ Phantom Hourglass'),
(6, 231, 'White'),
(7, 232, 'Black'),
(8, 233, 'Pearl Blue'),
(9, 234, 'Classic Edition'),
(10, 233, '101 to 001 Downgrade'),
(11, 234, '001 to 101 Upgrade'),
(12, 396, 'Spice (Orange)'),
(13, 396, 'AGS-101 Screen mod'),
(14, 337, 'Brady Games'),
(15, 338, 'Prima'),
(16, 339, 'Prima'),
(17, 340, 'Prima'),
(18, 341, 'Brady Games'),
(19, 342, 'Brady Games'),
(20, 343, 'Nintendo Power'),
(21, 344, 'Brady Games'),
(22, 345, 'Brady Games'),
(23, 346, 'Brady Games'),
(24, 347, 'Brady Games'),
(25, 348, 'Brady Games'),
(26, 349, 'Versus Books'),
(27, 350, 'Brady Games'),
(28, 351, 'Brady Games'),
(29, 352, 'Brady Games'),
(30, 353, 'Brady Games'),
(31, 354, 'Nintendo Power'),
(32, 355, 'Prima'),
(33, 356, 'Prima'),
(34, 357, 'Prima'),
(35, 358, 'Prima'),
(36, 359, 'Prima'),
(37, 360, 'Prima'),
(38, 361, 'Nintendo Power'),
(39, 362, 'Prima'),
(40, 363, 'Versus Books'),
(41, 364, 'Versus Books'),
(42, 365, 'Brady Games'),
(43, 366, 'Nintendo Power'),
(44, 367, 'Prima'),
(45, 368, 'Brady Games'),
(46, 369, 'Brady Games'),
(47, 370, 'Prima'),
(48, 371, 'Nintendo Power'),
(49, 372, 'Brady Games'),
(50, 377, 'Brady Games'),
(51, 378, 'Brady Games'),
(52, 379, 'Brady Games'),
(53, 380, 'Brady Games'),
(54, 386, 'Brady Games'),
(55, 401, 'Brady Games'),
(56, 402, 'Brady Games'),
(57, 403, 'Brady Games'),
(58, 404, 'Nintendo Power'),
(59, 405, 'Brady Games'),
(60, 407, 'Nintendo Power'),
(61, 417, 'Piggyback'),
(62, 418, 'Brady Games'),
(63, 419, 'Brady Games'),
(64, 420, 'Brady Games'),
(65, 421, 'Brady Games'),
(66, 422, 'Nintendo'),
(67, 359, 'Hardback'),
(68, 357, 'Hardback'),
(69, 67, 'Wolf Link Amiibo'),
(70, 435, 'Brady Games'),
(71, 449, 'Prima'),
(72, 462, 'Brady Games'),
(73, 463, 'Prima'),
(74, 464, 'Piggyback'),
(75, 464, 'Hardback'),
(76, 464, 'Map poster');

-- --------------------------------------------------------

--
-- Table structure for table `item`
--

CREATE TABLE `item` (
  `itemID` bigint(20) NOT NULL,
  `itemName` varchar(255) NOT NULL,
  `itemLink` varchar(75) NOT NULL,
  `itemConsole` int(11) NOT NULL,
  `itemCat` int(11) NOT NULL,
  `itemCond` int(11) NOT NULL,
  `itemBox` tinyint(1) NOT NULL DEFAULT '0',
  `itemManual` tinyint(1) NOT NULL DEFAULT '0',
  `itemExtras` tinyint(1) NOT NULL DEFAULT '0',
  `itemStyle` int(11) NOT NULL DEFAULT '0',
  `itemDeleted` tinyint(1) NOT NULL DEFAULT '0'
) ENGINE=InnoDB DEFAULT CHARSET=latin1;

--
-- Dumping data for table `item`
--

INSERT INTO `item` (`itemID`, `itemName`, `itemLink`, `itemConsole`, `itemCat`, `itemCond`, `itemBox`, `itemManual`, `itemExtras`, `itemStyle`, `itemDeleted`) VALUES
(1, 'Battletoads', 'battletoads', 1, 1, 2, 0, 0, 0, 0, 1),
(2, 'Chip and Dale Rescue Rangers', 'chip-and-dale-rescue-rangers', 1, 1, 2, 0, 0, 0, 0, 1),
(3, 'Double Dragon II', 'double-dragon-ii', 1, 1, 2, 0, 0, 0, 0, 1),
(4, 'Final Fantasy', 'final-fantasy', 1, 1, 3, 1, 1, 0, 1, 0),
(5, 'Golf', 'golf', 1, 1, 2, 0, 0, 0, 0, 1),
(6, 'Guerrilla War', 'guerrilla-war', 1, 1, 3, 1, 1, 0, 0, 0),
(7, 'Jaws', 'jaws', 1, 1, 2, 0, 1, 0, 0, 1),
(8, 'Karnov', 'karnov', 1, 1, 2, 0, 0, 0, 0, 1),
(9, 'Legend of Zelda', 'legend-of-zelda', 1, 1, 2, 0, 1, 0, 2, 0),
(10, 'Little Nemo the Dream Master', 'little-nemo-the-dream-master', 1, 1, 2, 0, 0, 0, 0, 1),
(11, 'Mike Tyson\'s Punch Out', 'mike-tyson\'s-punch-out', 1, 1, 2, 0, 0, 0, 0, 1),
(12, 'Play Action Football', 'play-action-football', 1, 1, 2, 0, 0, 0, 0, 1),
(13, 'Shadowgate', 'shadowgate', 1, 1, 3, 1, 1, 0, 0, 0),
(14, 'Super Mario Bros 2', 'super-mario-bros-2', 1, 1, 3, 1, 1, 0, 3, 0),
(15, 'Super Mario Bros 3', 'super-mario-bros-3', 1, 1, 3, 1, 1, 0, 3, 0),
(16, 'Super Mario Bros and Duck Hunt', 'super-mario-bros-and-duck-hunt', 1, 1, 2, 0, 1, 0, 3, 0),
(17, 'Teenage Mutant Ninja Turtles', 'teenage-mutant-ninja-turtles', 1, 1, 2, 0, 1, 0, 0, 1),
(18, 'Teenage Mutant Ninja Turtles II the Arcade Game', 'teenage-mutant-ninja-turtles-ii', 1, 1, 2, 0, 0, 0, 0, 1),
(19, 'Willow', 'willow', 1, 1, 2, 0, 0, 0, 0, 1),
(20, 'Zelda II the Adventure of Link', 'zelda-ii-the-adventure-of-link', 1, 1, 2, 1, 0, 0, 2, 0),
(21, 'Chrono Trigger', 'chrono-trigger', 2, 1, 3, 1, 1, 0, 0, 1),
(22, 'Final Fantasy III', 'final-fantasy-iii', 2, 1, 3, 1, 1, 0, 1, 0),
(23, 'Final Fantasy Mystic Quest', 'final-fantasy-mystic-quest', 2, 1, 3, 1, 1, 0, 1, 0),
(24, 'Legend of Zelda Link to the Past', 'zelda-link-to-the-past', 2, 1, 2, 0, 1, 0, 2, 0),
(25, 'Mario Paint', 'mario-paint', 2, 1, 2, 0, 1, 0, 3, 0),
(26, 'Mario\'s Early Years Fun with Letters', 'mario\'s-early-years-fun-with-letters', 2, 1, 2, 0, 0, 0, 3, 0),
(27, 'Mario\'s Early Years Fun with Numbers', 'mario\'s-early-years-fun-with-numbers', 2, 1, 2, 0, 0, 0, 3, 0),
(28, 'Mickey\'s Ultimate Challenge', 'mickey\'s-ultimate-challenge', 2, 1, 2, 0, 1, 0, 0, 0),
(29, 'Pinball Dreams', 'pinball-dreams', 2, 1, 2, 0, 0, 0, 0, 0),
(30, 'Secret of Mana', 'secret-of-mana', 2, 1, 2, 0, 0, 0, 0, 0),
(31, 'Super Gameboy', 'super-gameboy', 2, 1, 2, 0, 1, 0, 0, 0),
(32, 'Super Mario Kart', 'super-mario-kart', 2, 1, 2, 0, 1, 0, 4, 0),
(33, 'Super Mario World', 'super-mario-world', 2, 1, 2, 0, 1, 0, 3, 0),
(34, 'Ultimate Mortal Kombat 3', 'ultimate-mortal-kombat-3', 2, 1, 2, 0, 0, 0, 0, 0),
(35, 'Diddy Kong Racing', 'diddy-kong-racing', 3, 1, 2, 0, 1, 0, 0, 0),
(36, 'Legend of Zelda Ocarina of Time', 'zelda-ocarina-of-time', 3, 1, 2, 0, 1, 0, 2, 1),
(37, 'Mario Kart 64', 'mario-kart-64', 3, 1, 2, 0, 1, 0, 4, 0),
(38, 'Micro Machines', 'micro-machines', 3, 1, 2, 0, 0, 0, 0, 1),
(39, 'Paper Mario', 'paper-mario', 3, 1, 2, 0, 1, 0, 3, 0),
(40, 'Quest 64', 'quest-64', 3, 1, 2, 0, 1, 0, 0, 0),
(41, 'South Park', 'south-park', 3, 1, 2, 0, 0, 0, 0, 1),
(42, 'Star Fox 64', 'star-fox-64', 3, 1, 2, 0, 1, 0, 0, 0),
(43, 'Super Mario 64', 'super-mario-64', 3, 1, 2, 0, 1, 0, 3, 0),
(44, 'Super Smash Bros', 'super-smash-bros', 3, 1, 2, 0, 1, 0, 0, 0),
(45, 'Animal Crossing', 'animal-crossing', 4, 1, 3, 1, 1, 0, 0, 0),
(46, 'Legend of Zelda Collector\'s Edition', 'zelda-collector\'s-edition', 4, 1, 3, 1, 1, 0, 2, 0),
(47, 'Legend of Zelda Ocarina of Time Master Quest', 'zelda-ocarina-of-time-master-quest', 4, 1, 3, 1, 1, 0, 2, 0),
(48, 'Legend of Zelda Twilight Princess', 'zelda-twilight-princess', 4, 1, 3, 1, 1, 0, 2, 0),
(49, 'Legend of Zelda Wind Waker', 'zelda-wind-waker', 4, 1, 3, 1, 1, 0, 2, 0),
(50, 'Luigi\'s Mansion', 'luigi\'s-mansion', 4, 1, 3, 1, 1, 0, 0, 0),
(51, 'Mario Kart Double Dash', 'mario-kart-double-dash', 4, 1, 3, 1, 1, 0, 4, 0),
(52, 'Need For Speed 2 Hot Pursuit', 'need-for-speed-2-hot-pursuit', 4, 1, 3, 1, 1, 0, 6, 0),
(53, 'Paper Mario Thousand Year Door', 'paper-mario-thousand-year-door', 4, 1, 3, 1, 1, 0, 3, 0),
(54, 'Star Fox Assault', 'star-fox-assault', 4, 1, 3, 1, 1, 0, 0, 0),
(55, 'Super Mario Sunshine', 'super-mario-sunshine', 4, 1, 3, 1, 1, 0, 3, 0),
(56, 'Super Smash Bros Melee', 'super-smash-bros-melee', 4, 1, 3, 1, 1, 0, 0, 0),
(57, 'Tales of Symphonia', 'tales-of-symphonia', 4, 1, 3, 1, 1, 0, 5, 0),
(58, 'Legend of Zelda Skyward Sword', 'zelda-skyward-sword', 5, 1, 3, 1, 1, 0, 2, 0),
(59, 'Link\'s Crossbow Training', 'link\'s-crossbow-training', 5, 1, 3, 1, 1, 0, 0, 0),
(60, 'Mario Kart Wii', 'mario-kart-wii', 5, 1, 3, 1, 1, 0, 4, 0),
(61, 'Rock Band 2 Bundle', 'rock-band-2-bundle', 5, 1, 3, 1, 1, 0, 0, 0),
(62, 'Super Paper Mario', 'super-paper-mario', 5, 1, 3, 1, 1, 0, 3, 0),
(63, 'Super Smash Bros Brawl', 'super-smash-bros-brawl', 5, 1, 3, 1, 1, 0, 0, 0),
(64, 'Wii Fit Plus with Balance Board', 'wii-fit-plus-with-balance-board', 5, 1, 2, 0, 0, 0, 0, 0),
(65, 'Wii Play', 'wii-play-(game-only)', 5, 1, 3, 1, 1, 0, 0, 0),
(66, 'Wii Sports', 'wii-sports', 5, 1, 3, 1, 1, 0, 0, 0),
(67, 'Legend of Zelda Twilight Princess HD Special Edition', 'zelda-twilight-princess-hd-special-edition', 6, 1, 4, 1, 1, 0, 2, 0),
(68, 'Legend of Zelda Wind Waker HD', 'zelda-wind-waker-hd', 6, 1, 3, 1, 1, 0, 2, 0),
(69, 'Mario Kart 8', 'mario-kart-8', 6, 1, 3, 1, 1, 0, 4, 0),
(70, 'Nintendo Land', 'nintendo-land', 6, 1, 3, 1, 1, 0, 0, 0),
(71, 'Super Mario 3D World', 'super-mario-3d-world', 6, 1, 3, 1, 1, 0, 3, 0),
(72, 'Final Fantasy I & II Dawn of Souls', 'final-fantasy-i-&-ii-dawn-of-souls', 20, 1, 3, 1, 1, 0, 1, 0),
(73, 'Final Fantasy IV Advance', 'final-fantasy-iv-advance', 20, 1, 3, 1, 1, 0, 1, 0),
(74, 'Final Fantasy V Advance', 'final-fantasy-v-advance', 20, 1, 3, 1, 1, 0, 1, 0),
(75, 'Final Fantasy VI Advance', 'final-fantasy-vi-advance', 20, 1, 3, 1, 1, 0, 1, 0),
(76, 'Legend of Zelda Minish Cap', 'zelda-minish-cap', 20, 1, 3, 1, 1, 0, 2, 0),
(77, 'Legend of Zelda', 'zelda-nes-series', 20, 1, 3, 1, 1, 0, 2, 0),
(78, 'Tales of Phantasia', 'tales-of-phantasia', 20, 1, 2, 1, 1, 0, 5, 0),
(79, 'Legend of Zelda Oracle of Ages', 'zelda-oracle-of-ages', 19, 1, 3, 1, 1, 0, 2, 0),
(80, 'Legend of Zelda Oracle of Seasons', 'zelda-oracle-of-seasons', 19, 1, 2, 0, 1, 0, 2, 0),
(81, 'Legend of Zelda Link\'s Awakening', 'zelda-link\'s-awakening', 7, 1, 3, 1, 1, 0, 2, 0),
(82, 'Bravely Default', 'bravely-default', 21, 1, 3, 1, 1, 0, 0, 0),
(83, 'Bravely Second End Layer', 'bravely-second-end-layer', 21, 1, 3, 1, 1, 0, 0, 0),
(84, 'Crosswords Plus', 'crosswords-plus', 21, 1, 3, 1, 1, 0, 0, 0),
(85, 'Epic Mickey Power of Illusion', 'epic-mickey-power-of-illusion', 21, 1, 3, 1, 1, 0, 0, 0),
(86, 'Legend of Zelda Majora\'s Mask 3D', 'zelda-majora\'s-mask-3d', 21, 1, 3, 1, 1, 0, 2, 0),
(87, 'Legend of Zelda Ocarina of Time 3D', 'zelda-ocarina-of-time-3d', 21, 1, 3, 1, 1, 0, 2, 0),
(88, 'Paper Mario Sticker Star', 'paper-mario-sticker-star', 21, 1, 3, 1, 1, 0, 3, 0),
(89, 'Tales of the Abyss', 'tales-of-the-abyss', 21, 1, 3, 1, 1, 0, 5, 0),
(90, 'Animal Crossing Wild World', 'animal-crossing-wild-world', 8, 1, 3, 1, 1, 0, 0, 0),
(91, 'Chrono Trigger DS', 'chrono-trigger-ds', 8, 1, 3, 1, 1, 0, 0, 0),
(92, 'Crosswords DS', 'crosswords-ds', 8, 1, 3, 1, 1, 0, 0, 0),
(93, 'Dragon Quest IV Chapters of the Chosen', 'dragon-quest-iv-chapters-of-the-chosen', 8, 1, 3, 1, 1, 0, 13, 0),
(94, 'Dragon Quest IX Sentinels of the Starry Skies', 'dragon-quest-ix-sentinels-of-the-starry-skies', 8, 1, 3, 1, 1, 0, 13, 0),
(95, 'Final Fantasy IV', 'final-fantasy-iv', 8, 1, 3, 1, 1, 0, 1, 0),
(96, 'Final Fantasy the 4 Heroes of Light', 'final-fantasy-the-4-heroes-of-light', 8, 1, 4, 1, 1, 0, 1, 0),
(97, 'Legend of Zelda Phantom Hourglass', 'zelda-phantom-hourglass', 8, 1, 3, 1, 1, 0, 2, 0),
(98, 'Legend of Zelda Spirit Tracks', 'zelda-spirit-tracks', 8, 1, 3, 1, 1, 0, 2, 0),
(99, 'Mario Kart DS', 'mario-kart-ds', 8, 1, 3, 1, 1, 0, 4, 0),
(100, 'Nostalgia', 'nostalgia', 8, 1, 2, 0, 0, 0, 0, 0),
(101, 'Chrono Cross', 'chrono-cross', 11, 1, 3, 1, 1, 0, 0, 0),
(102, 'Final Fantasy Anthology', 'final-fantasy-anthology', 11, 1, 3, 1, 1, 0, 1, 0),
(103, 'Final Fantasy Chronicles', 'final-fantasy-chronicles', 11, 1, 3, 1, 1, 0, 1, 0),
(104, 'Final Fantasy IX', 'final-fantasy-ix', 11, 1, 3, 1, 1, 0, 1, 0),
(105, 'Final Fantasy Origins', 'final-fantasy-origins', 11, 1, 3, 1, 1, 0, 1, 0),
(106, 'Final Fantasy VII', 'final-fantasy-vii', 11, 1, 3, 1, 1, 0, 1, 0),
(107, 'Final Fantasy VIII', 'final-fantasy-viii', 11, 1, 3, 1, 1, 0, 1, 0),
(108, 'Gran Turismo', 'gran-turismo', 11, 1, 3, 1, 1, 0, 0, 0),
(109, 'Gran Turismo 2', 'gran-turismo-2', 11, 1, 3, 1, 1, 0, 0, 0),
(110, '.hack Infection', 'hack-infection', 12, 1, 3, 1, 1, 0, 0, 0),
(111, 'Champions of Norrath', 'champions-of-norrath', 12, 1, 3, 1, 1, 0, 0, 0),
(112, 'Champions Return to Arms', 'champions-return-to-arms', 12, 1, 3, 1, 1, 0, 0, 0),
(113, 'Everquest Online Adventures Frontiers', 'everquest-online-adventures-frontiers', 12, 1, 3, 1, 1, 0, 0, 0),
(114, 'Final Fantasy X', 'final-fantasy-x', 12, 1, 3, 1, 1, 0, 1, 0),
(115, 'Final Fantasy XII', 'final-fantasy-xii', 12, 1, 3, 1, 1, 0, 1, 0),
(116, 'God of War 2', 'god-of-war-2', 12, 1, 3, 1, 1, 0, 7, 0),
(117, 'God of War', 'god-of-war', 12, 1, 3, 1, 1, 0, 7, 0),
(118, 'Star Ocean Till the End of Time', 'star-ocean-till-the-end-of-time', 12, 1, 3, 1, 1, 0, 0, 0),
(119, 'Tales of Legendia', 'tales-of-legendia', 12, 1, 3, 1, 1, 0, 5, 0),
(120, 'Dante\'s Inferno Divine Edition', 'dante\'s-inferno-divine-edition', 13, 1, 3, 1, 1, 0, 0, 0),
(121, 'Ducktales Remastered', 'ducktales-remastered', 13, 1, 4, 1, 1, 0, 0, 0),
(122, 'God of War Collection', 'god-of-war-collection', 13, 1, 3, 1, 1, 0, 7, 0),
(123, 'God of War III', 'god-of-war-iii', 13, 1, 3, 1, 1, 0, 7, 0),
(124, 'God of War Origins Collection', 'god-of-war-origins-collection', 13, 1, 3, 1, 1, 0, 7, 0),
(125, 'God of War Ascension', 'god-of-war-ascension', 13, 1, 3, 1, 1, 0, 7, 0),
(126, 'Gran Turismo 6', 'gran-turismo-6', 13, 1, 4, 1, 1, 0, 0, 0),
(127, 'Heavenly Sword', 'heavenly-sword', 13, 1, 3, 1, 1, 0, 0, 0),
(128, 'Metal Gear Rising Revengeance', 'metal-gear-rising-revengeance', 13, 1, 3, 1, 1, 0, 0, 1),
(129, 'Tales of Graces f', 'tales-of-graces-f', 13, 1, 3, 1, 1, 0, 5, 0),
(130, 'Tales of Symphonia Chronicles', 'tales-of-symphonia-chronicles', 13, 1, 3, 1, 1, 0, 5, 0),
(131, 'Tales of Xillia 2', 'tales-of-xillia-2', 13, 1, 3, 1, 1, 0, 5, 0),
(132, 'Tales of Xillia', 'tales-of-xillia', 13, 1, 3, 1, 1, 0, 5, 0),
(133, 'White Knight Chronicles International Edition', 'white-knight-chronicles-international-edition', 13, 1, 3, 1, 1, 0, 0, 0),
(134, 'White Knight Chronicles II', 'white-knight-chronicles-ii', 13, 1, 3, 1, 1, 0, 0, 0),
(135, 'Witch and the Hundred Knight', 'witch-and-the-hundred-knight', 13, 1, 3, 1, 1, 0, 0, 0),
(136, 'Final Fantasy IV Complete Collection', 'final-fantasy-iv-complete-collection', 14, 1, 4, 1, 1, 0, 1, 1),
(137, 'Final Fantasy Tactics War of the Lions', 'final-fantasy-tactics-war-of-the-lions', 14, 1, 3, 1, 1, 0, 1, 1),
(138, 'Final Fantasy VII Crisis Core', 'final-fantasy-vii-crisis-core', 14, 1, 3, 1, 1, 0, 1, 0),
(139, 'God of War Chains of Olympus', 'god-of-war-chains-of-olympus', 14, 1, 3, 1, 1, 0, 7, 0),
(140, 'God of War Ghost of Sparta', 'god-of-war-ghost-of-sparta', 14, 1, 3, 1, 1, 0, 7, 0),
(141, 'Tales of Hearts R', 'tales-of-hearts-r', 15, 1, 4, 1, 0, 0, 5, 0),
(142, 'Crimson Skies', 'crimson-skies', 16, 1, 3, 1, 1, 0, 0, 0),
(143, 'Enter the Matrix', 'enter-the-matrix', 16, 1, 3, 1, 1, 0, 0, 0),
(144, 'Fable', 'fable', 16, 1, 3, 1, 1, 0, 8, 0),
(145, 'Forza Motorsport', 'forza-motorsport', 16, 1, 3, 1, 1, 0, 0, 0),
(146, 'Halo 2', 'halo-2', 16, 1, 3, 1, 1, 0, 0, 0),
(147, 'Matrix Path of Neo', 'the-matrix-path-of-neo', 16, 1, 3, 1, 1, 0, 0, 0),
(148, 'Metal Dungeon', 'metal-dungeon', 16, 1, 3, 1, 1, 0, 0, 0),
(149, 'Need For Speed Most Wanted', 'need-for-speed-most-wanted', 16, 1, 3, 1, 1, 0, 6, 0),
(150, 'The Simpsons Road Rage', 'the-simpsons-road-rage', 16, 1, 3, 1, 1, 0, 0, 0),
(151, 'Call of Duty Black Ops', 'call-of-duty-black-ops', 17, 1, 3, 1, 1, 0, 14, 0),
(152, 'Call of Duty Modern Warfare 2', 'call-of-duty-modern-warfare-2', 17, 1, 3, 1, 1, 0, 14, 0),
(153, 'Call of Duty Modern Warfare 3', 'call-of-duty-modern-warfare-3', 17, 1, 4, 1, 1, 0, 14, 0),
(154, 'Elder Scrolls V Skyrim', 'elder-scrolls-v-skyrim', 17, 1, 3, 1, 1, 0, 15, 0),
(155, 'Fable II', 'fable-ii', 17, 1, 3, 1, 1, 0, 8, 0),
(156, 'Fable III', 'fable-iii', 17, 1, 3, 1, 1, 0, 8, 0),
(157, 'Halo 3', 'halo-3', 17, 1, 3, 1, 1, 0, 0, 0),
(158, 'Hitman Absolution Professional Edition', 'hitman-absolution-professional-edition', 17, 1, 4, 1, 1, 0, 0, 1),
(159, 'Sacred 2 Fallen Angel', 'sacred-2-fallen-angel', 17, 1, 3, 1, 1, 0, 0, 0),
(160, 'Tales of Vesperia', 'tales-of-vesperia', 17, 1, 3, 1, 1, 0, 5, 0),
(161, 'UDraw Studio Instant Artist with Tablet', 'udraw-gametablet-wudraw-studio-instant-artist', 17, 1, 3, 1, 1, 0, 0, 0),
(162, 'Final Fantasy', 'final-fantasy', 14, 1, 3, 1, 1, 0, 1, 0),
(163, 'Shadowgate', 'shadowgate', 3, 1, 2, 0, 1, 0, 0, 0),
(164, 'Final Fantasy III', 'final-fantasy-iii', 8, 1, 3, 1, 1, 0, 1, 0),
(165, 'Legend of Zelda Link to the Past', 'zelda-link-to-the-past', 20, 1, 3, 1, 1, 0, 2, 0),
(166, 'Final Fantasy VII Crisis Core', 'final-fantasy-vii-crisis-core', 14, 1, 4, 1, 1, 0, 1, 1),
(167, 'Final Fantasy XIII', 'final-fantasy-xiii', 13, 1, 3, 1, 1, 0, 1, 0),
(168, 'Final Fantasy XIII 2', 'final-fantasy-xiii-2', 13, 1, 3, 1, 1, 0, 1, 0),
(169, 'Ys Memories of Celceta', 'ys-memories-of-celceta', 15, 1, 3, 1, 1, 0, 0, 0),
(170, 'Mass Effect 3 Special Edition', 'mass-effect-3', 6, 1, 4, 1, 1, 0, 0, 1),
(171, 'Earthbound', '', 6, 1, 1, 0, 0, 0, 0, 0),
(172, 'Legend of Zelda Link Between Worlds', '', 21, 1, 1, 0, 0, 0, 2, 0),
(173, 'Legend of Zelda Link\'s Awakening DX', '', 21, 1, 1, 0, 0, 0, 2, 0),
(174, 'Legend of Zelda Oracle of Seasons', '', 21, 1, 1, 0, 0, 0, 2, 0),
(175, 'Infamous', '', 13, 1, 1, 0, 0, 0, 0, 0),
(176, 'Little Big Planet', '', 13, 1, 1, 0, 0, 0, 0, 0),
(177, 'Suikoden III', '', 29, 1, 1, 0, 0, 0, 0, 0),
(178, 'Tales of Monkey Island', '', 13, 1, 1, 0, 0, 0, 0, 0),
(179, 'Twisted Metal Black', '', 13, 1, 1, 0, 0, 0, 0, 0),
(180, 'Alundra', '', 22, 1, 1, 0, 0, 0, 0, 0),
(181, 'Breath of Fire IV', '', 22, 1, 1, 0, 0, 0, 0, 0),
(182, 'Chrono Cross', '', 22, 1, 1, 0, 0, 0, 0, 0),
(183, 'Final Fantasy IX', '', 22, 1, 1, 0, 0, 0, 1, 0),
(184, 'Final Fantasy VII', '', 22, 1, 1, 0, 0, 0, 1, 0),
(185, 'Final Fantasy VIII', '', 22, 1, 1, 0, 0, 0, 1, 0),
(186, 'Legend of Mana', '', 22, 1, 1, 0, 0, 0, 0, 0),
(187, 'Suikoden', '', 22, 1, 1, 0, 0, 0, 0, 0),
(188, 'Suikoden II', '', 22, 1, 1, 0, 0, 0, 0, 0),
(189, 'Pursuit Force', '', 14, 1, 1, 0, 0, 0, 0, 0),
(190, 'Killzone Liberation', '', 14, 1, 1, 0, 0, 0, 0, 0),
(191, 'Fat Princess Piece of Cake', '', 14, 1, 1, 0, 0, 0, 0, 1),
(192, 'Chrono Trigger (J)', '', 2, 1, 3, 1, 1, 0, 0, 1),
(193, 'Star Ocean the Last Hope', 'star-ocean-the-last-hope', 17, 1, 4, 1, 1, 0, 0, 0),
(194, 'Tetris', 'tetris', 7, 1, 2, 0, 1, 0, 0, 0),
(195, 'Final Fantasy IV (J)', '', 2, 1, 3, 1, 1, 0, 1, 1),
(196, 'Final Fantasy V (J)', '', 2, 1, 3, 1, 1, 0, 1, 1),
(197, 'Final Fantasy VI (J)', '', 2, 1, 3, 1, 1, 0, 1, 1),
(198, 'Rock Band', 'rock-band', 5, 1, 3, 1, 1, 0, 0, 0),
(199, 'Star Ocean First Departure', 'star-ocean-first-departure', 14, 1, 3, 1, 1, 0, 0, 1),
(200, 'Lord of Arcana', 'lord-of-arcana', 14, 1, 4, 1, 1, 0, 0, 1),
(201, 'Final Fantasy Type-0 HD', 'final-fantasy-type-0-hd', 23, 1, 3, 1, 1, 0, 1, 1),
(202, 'Call of Duty Ghosts', 'call-of-duty-ghosts', 17, 1, 4, 1, 1, 0, 14, 0),
(204, 'Okami', 'okami', 5, 1, 3, 1, 1, 0, 0, 0),
(205, 'Child of Light', '', 15, 1, 1, 0, 0, 0, 0, 0),
(206, 'Ni No Kuni Wrath of the White Witch', 'ni-no-kuni-wrath-of-the-white-witch', 13, 1, 3, 1, 1, 0, 0, 0),
(207, 'God of War III Remaster', 'god-of-war-iii-remastered', 24, 1, 3, 1, 1, 0, 7, 0),
(208, 'Myst', 'myst', 8, 1, 3, 1, 1, 0, 0, 0),
(209, 'Final Fantasy X-2', 'final-fantasy-x-2', 12, 1, 3, 1, 1, 0, 1, 0),
(210, 'Super Monkey Ball Deluxe', 'super-monkey-ball-deluxe', 16, 1, 3, 1, 1, 0, 0, 0),
(211, 'Metal Gear Solid 2 (Essential Collection)', '', 12, 1, 3, 1, 1, 0, 0, 1),
(212, 'Luigi\'s Mansion Dark Moon', 'luigi\'s-mansion-dark-moon', 21, 1, 3, 1, 1, 0, 0, 0),
(213, 'Mario Kart 7', 'mario-kart-7', 21, 1, 4, 1, 1, 0, 4, 0),
(214, 'Legend of Zelda Link Between Worlds', 'zelda-a-link-between-worlds', 21, 1, 4, 1, 1, 0, 2, 0),
(215, 'Mega Man Legends', '', 22, 1, 1, 0, 0, 0, 0, 0),
(216, 'Mega Man Legends 2', '', 22, 1, 1, 0, 0, 0, 0, 0),
(217, 'Metal Gear Solid', 'metal-gear-solid', 11, 1, 3, 1, 1, 0, 0, 0),
(218, 'Final Fantasy X/X2 Remaster', 'final-fantasy-x%7Cx-2-hd-remaster', 13, 1, 4, 1, 1, 0, 1, 0),
(219, 'Lightning Returns Final Fantasy XIII', 'lightning-returns-final-fantasy-xiii', 13, 1, 4, 1, 1, 0, 1, 0),
(220, 'Legend of Zelda Triforce Heros', 'zelda-tri-force-heroes', 21, 1, 3, 1, 1, 0, 2, 1),
(221, 'Lost Odyssey', '', 17, 1, 1, 0, 0, 0, 0, 0),
(222, 'Earthbound', '', 21, 1, 1, 0, 0, 0, 0, 0),
(223, 'Epic Word Search Collection', '', 21, 1, 1, 0, 0, 0, 0, 0),
(224, 'Mighty No. 9', 'mighty-no-9', 24, 1, 4, 1, 1, 0, 0, 1),
(225, 'Captain Toad Treasure Tracker', 'captain-toad-treasure-tracker', 6, 1, 4, 1, 1, 0, 0, 1),
(226, 'Legend of Zelda Oracle of Ages', '', 21, 1, 1, 0, 0, 0, 2, 0),
(227, 'Legend of Zelda Link to the Past', '', 21, 1, 1, 0, 0, 0, 2, 0),
(228, 'New 3DS', 'nintendo-3ds/new-nintendo-3ds-xl-hyrule-edition', 25, 2, 3, 1, 1, 1, 9, 0),
(229, '3DS', 'nintendo-3ds/nintendo-3ds-xl-zelda-link-between-worlds-limited-edition', 25, 2, 3, 1, 1, 1, 9, 0),
(230, 'DSLite', 'nintendo-ds/gold-nintendo-ds-zelda-bundle', 25, 2, 2, 0, 0, 1, 9, 0),
(231, 'DSLite', 'nintendo-ds/white-nintendo-ds-lite', 25, 2, 3, 1, 1, 1, 9, 0),
(232, 'GameCube', 'gamecube/black-gamecube-system', 25, 2, 2, 0, 0, 1, 9, 0),
(233, 'GBA SP', 'gameboy-advance/pearl-gameboy-advance-sp', 25, 2, 2, 0, 0, 1, 9, 0),
(234, 'GBA SP', 'gameboy-advance/nes-gameboy-advance-sp', 25, 2, 3, 1, 1, 1, 9, 0),
(235, 'N64', 'nintendo-64/nintendo-64-system', 25, 2, 2, 0, 0, 0, 9, 0),
(236, 'NES 101', 'nes/top-loading-nintendo-nes-console', 25, 2, 2, 0, 0, 0, 9, 0),
(237, 'NES 001', 'nes/nintendo-nes-console', 25, 2, 2, 0, 0, 1, 9, 0),
(238, 'SNES 001', 'super-nintendo/super-nintendo-system', 25, 2, 2, 0, 0, 0, 9, 0),
(239, 'SNES 101', 'super-nintendo/mini-super-nintendo-system', 25, 2, 2, 0, 0, 0, 9, 0),
(240, 'Wii', 'wii/white-nintendo-wii-system', 25, 2, 2, 0, 0, 0, 9, 0),
(241, 'Wii U', 'wii-u/wii-u-console-deluxe-black-32gb', 25, 2, 2, 0, 0, 0, 9, 0),
(242, 'NVIDIA SHIELD Tablet K2', '', 25, 2, 3, 1, 1, 0, 12, 0),
(243, 'Playstation 2 Slim', 'playstation-2/slim-pstwo-playstation-2', 25, 2, 2, 0, 0, 0, 10, 0),
(244, 'Playstation 3 Slim', 'playstation-3/playstation-3-slim-system-120gb', 25, 2, 2, 0, 0, 0, 10, 0),
(245, 'Playstation Slim', 'playstation/playstation-system', 25, 2, 2, 0, 0, 0, 10, 0),
(246, 'Playstation TV', '', 25, 2, 3, 1, 1, 0, 10, 0),
(247, 'Playstation Vita PCH-1001', 'playstation-vita/playstation-vita-wifi-edition', 25, 2, 2, 0, 0, 0, 10, 0),
(248, 'PSP 1001', 'psp/psp-1001k-console-black', 25, 2, 2, 0, 0, 0, 10, 0),
(249, 'XBox', 'xbox/xbox-system', 25, 2, 2, 0, 0, 0, 11, 0),
(250, 'XBox 360', 'xbox-360/xbox-360-system-elite-120gb', 25, 2, 2, 0, 0, 0, 11, 0),
(251, '3DS XL Charge Dock (Green)', '', 26, 4, 2, 0, 0, 0, 9, 0),
(252, '3DS XL Clear Shell', '', 26, 4, 2, 0, 0, 0, 9, 0),
(253, '3DS XL Grip Shell', '', 26, 4, 2, 0, 0, 0, 9, 0),
(254, 'New 3DS XL LoZ Shell', '', 26, 4, 2, 0, 0, 0, 9, 0),
(255, 'New 3DS XL Grip Shell', '', 26, 4, 2, 0, 0, 0, 9, 0),
(256, 'Amiibo SSB Gannondorf', 'amiibo/ganondorf', 26, 4, 4, 1, 0, 0, 9, 0),
(257, 'Amiibo SSB Link', 'amiibo/link', 26, 4, 4, 1, 0, 0, 9, 0),
(258, 'Amiibo SSB Link', 'amiibo/link', 26, 4, 2, 0, 0, 0, 9, 0),
(259, 'Amiibo SSB Zelda', 'amiibo/zelda', 26, 4, 4, 1, 0, 0, 9, 0),
(260, 'GBA Link Cable', '', 26, 4, 2, 0, 0, 0, 9, 0),
(261, 'GBA to GameCube Cable', '', 26, 4, 2, 0, 0, 0, 9, 0),
(262, 'GC Controller (Platnium)', '', 26, 4, 2, 0, 0, 0, 9, 0),
(263, 'GC Controller 6\' Extension Cable', '', 26, 4, 2, 0, 0, 0, 9, 0),
(264, 'GC GameBoy Player', 'gamecube/gameboy-player-wtih-startup-disc', 26, 4, 2, 0, 0, 0, 9, 0),
(265, 'GC Memory Card 251', '', 26, 4, 2, 0, 0, 0, 9, 0),
(266, 'GC Wavebird (Gray)', '', 26, 4, 2, 0, 0, 0, 9, 0),
(267, 'N64 Controller (Green)', '', 26, 4, 2, 0, 0, 0, 9, 0),
(268, 'N64 Expansion Pak', '', 26, 4, 2, 0, 0, 0, 9, 0),
(269, 'N64 Memory Card', '', 26, 4, 2, 0, 0, 0, 9, 0),
(270, 'NES Controller', '', 26, 4, 2, 0, 0, 0, 9, 0),
(271, 'NES Controller', '', 26, 4, 2, 0, 0, 0, 9, 0),
(272, 'NES Controller', '', 26, 4, 2, 0, 0, 0, 9, 0),
(273, 'NES Controller', '', 26, 4, 2, 0, 0, 0, 9, 0),
(274, 'NES Game Genie', 'nes/game-genie', 26, 4, 3, 1, 1, 0, 9, 0),
(275, 'NES Zapper (Orange)', '', 26, 4, 2, 0, 0, 0, 9, 1),
(276, 'NES Zapper (Orange)', '', 26, 4, 2, 0, 0, 0, 9, 0),
(277, 'NVIDIA SHIELD Controller', '', 26, 4, 3, 1, 1, 0, 12, 0),
(278, 'PS Vita Charge Dock', '', 26, 4, 3, 1, 1, 0, 10, 0),
(279, 'PS1 Analog Controller (White)', '', 26, 4, 2, 0, 0, 0, 10, 0),
(280, 'PS1 DexDrive', '', 26, 4, 3, 1, 1, 0, 10, 0),
(281, 'PS1 Memory Card', '', 26, 4, 2, 0, 0, 0, 10, 0),
(282, 'PS1 Memory Card', '', 26, 4, 2, 0, 0, 0, 10, 0),
(283, 'PS1 Memory Card', '', 26, 4, 2, 0, 0, 0, 10, 0),
(284, 'PS2 Component Cables', '', 26, 4, 2, 0, 0, 0, 10, 0),
(285, 'PS2 Dual Shock 2 (Black)', '', 26, 4, 2, 0, 0, 0, 10, 0),
(286, 'PS2 Memory Card', '', 26, 4, 2, 0, 0, 0, 10, 0),
(287, 'PS2 Memory Card', '', 26, 4, 2, 0, 0, 0, 10, 0),
(288, 'PS2 Wireless Controllers ', '', 26, 4, 2, 0, 0, 0, 10, 0),
(289, 'PS3 Dualshock 3 (Black)', '', 26, 4, 2, 0, 0, 0, 10, 0),
(290, 'PS3 Dualshock 3 (Black)', '', 26, 4, 2, 0, 0, 0, 10, 0),
(291, 'PS3 Conroller Charger', '', 26, 4, 2, 0, 0, 0, 10, 0),
(292, 'PS4 Conroller Charger', '', 26, 4, 3, 1, 1, 0, 10, 0),
(293, 'PSP Charge Dock', '', 26, 4, 2, 0, 0, 0, 10, 0),
(294, 'SNES Controller', '', 26, 4, 2, 0, 0, 0, 9, 0),
(295, 'SNES Controller', '', 26, 4, 2, 0, 0, 0, 9, 0),
(296, 'SNES Game Genie', 'super-nintendo/game-genie', 26, 4, 2, 0, 0, 0, 9, 0),
(297, 'SNES Mouse + Pad', '', 26, 4, 2, 0, 0, 0, 9, 0),
(298, 'Turtle Beach CoD Kilo Headset', '', 26, 4, 2, 0, 0, 0, 0, 0),
(299, 'Wii Classic Controller', '', 26, 4, 2, 0, 0, 0, 9, 0),
(300, 'Wii Component Cables', '', 26, 4, 3, 1, 1, 0, 9, 0),
(301, 'Wii Fit Balance Board', '', 26, 4, 2, 0, 0, 0, 9, 0),
(302, 'Wii Nunchuck (Black)', '', 26, 4, 2, 0, 0, 0, 9, 0),
(303, 'Wii Nunchuck (White)', '', 26, 4, 2, 0, 0, 0, 9, 0),
(304, 'Wii Nunchuck (White)', '', 26, 4, 2, 0, 0, 0, 9, 0),
(305, 'Wii Racing Wheel (Black)', '', 26, 4, 2, 0, 0, 0, 9, 0),
(306, 'Wii Racing Wheel (White)', '', 26, 4, 2, 0, 0, 0, 9, 0),
(307, 'Wii Racing Wheel (White)', '', 26, 4, 2, 0, 0, 0, 9, 0),
(308, 'Wii Remote (White)', '', 26, 4, 2, 0, 0, 0, 9, 0),
(309, 'Wii Remote (White)', '', 26, 4, 2, 0, 0, 0, 9, 0),
(310, 'Wii Remote w/Motion Plus (Black)', '', 26, 4, 2, 0, 0, 0, 9, 0),
(311, 'Wii Remote w/Motion Plus (White)', '', 26, 4, 2, 0, 0, 0, 9, 0),
(312, 'Wii Rock Band Drums + Cymbal Kit', '', 26, 4, 2, 0, 0, 0, 9, 0),
(313, 'Wii Rock Band Guitar', '', 26, 4, 2, 0, 0, 0, 9, 0),
(314, 'Wii Rock Band Guitar', '', 26, 4, 2, 0, 0, 0, 9, 0),
(315, 'Wii Rock Band Microphone', '', 26, 4, 2, 0, 0, 0, 9, 0),
(316, 'Wii U Pro Controller (Black)', '', 26, 4, 2, 0, 0, 0, 9, 0),
(317, 'Wii U Cover + Case', '', 26, 4, 2, 0, 0, 0, 9, 0),
(318, 'XBox 360 Headset', '', 26, 4, 2, 0, 0, 0, 11, 0),
(319, 'XBox 360 uDraw Tablet', '', 26, 4, 2, 0, 0, 0, 11, 0),
(320, 'XBox 360 Wired Controller for PC', '', 26, 4, 2, 0, 0, 0, 11, 0),
(321, 'XBox 360 Wireless Controller', '', 26, 4, 2, 0, 0, 0, 11, 0),
(322, 'XBox 360 Wireless Controller', '', 26, 4, 2, 0, 0, 0, 11, 0),
(323, 'XBox 360 Wireless Controller', '', 26, 4, 2, 0, 0, 0, 11, 0),
(324, 'XBox 360 Controller Charger', '', 26, 4, 2, 0, 0, 0, 11, 0),
(325, 'XBox Controller S (Black)', '', 26, 4, 2, 0, 0, 0, 11, 0),
(326, 'XBox Controller S (Black)', '', 26, 4, 2, 0, 0, 0, 11, 0),
(327, 'XBox Controller S (Blue)', '', 26, 4, 2, 0, 0, 0, 11, 0),
(328, 'Phantasy Star Universe', 'phantasy-star-universe', 17, 1, 3, 1, 1, 0, 0, 0),
(329, 'Mario Kart Super Circuit', 'mario-kart-super-circuit', 20, 1, 2, 0, 1, 0, 4, 0),
(330, 'Metal Gear Solid 3 (Essential Collection)', '', 12, 1, 2, 1, 0, 0, 0, 1),
(331, 'Amiibo Toad', '', 26, 4, 4, 1, 0, 0, 9, 1),
(332, 'Wii Fit U + Board and Fit Meter', 'wii-fit-u-with-balance-board-and-fit-meter', 6, 1, 3, 1, 1, 0, 0, 0),
(333, 'Zumba Fitness World Party', 'zumba-fitness-world-party', 6, 1, 3, 1, 1, 0, 0, 0),
(334, 'NES Classic Edition', 'nes/nintendo-nes-classic-edition', 25, 2, 4, 1, 1, 0, 9, 0),
(337, 'Crono Cross Official Strategy Guide', '', 27, 3, 2, 0, 0, 1, 0, 0),
(338, 'Everquest Online Adventures Frontiers Official Strategy Guide', '', 27, 3, 2, 0, 0, 1, 0, 0),
(339, 'Fable Official Game Guide', '', 27, 3, 2, 0, 0, 1, 8, 0),
(340, 'Fallout 4 Vault Dweller\'s Survival Guide Collector\'s Edition', '', 27, 3, 2, 0, 0, 1, 0, 0),
(341, 'Final Fantasy', '', 27, 3, 2, 0, 0, 1, 1, 0),
(342, 'Final Fantasy Anthology Official Strategy Guide', '', 27, 3, 2, 0, 0, 1, 1, 0),
(343, 'Final Fantasy I & II Dawn of Souls Official Player\'s Guide', '', 27, 3, 2, 0, 0, 1, 1, 0),
(344, 'Final Fantasy III', '', 27, 3, 2, 0, 0, 1, 1, 0),
(345, 'Final Fantasy IX Official Strategy Guide', '', 27, 3, 2, 0, 0, 1, 1, 0),
(346, 'Final Fantasy Origins Official Strategy Guide', '', 27, 3, 2, 0, 0, 1, 1, 0),
(347, 'Final Fantasy VII Crisis Core', '', 27, 3, 2, 0, 0, 1, 1, 0),
(348, 'Final Fantasy VII Official Strategy Guide', '', 27, 3, 2, 0, 0, 1, 1, 0),
(349, 'Final Fantasy VII Ultimate Guide', '', 27, 3, 2, 0, 0, 1, 1, 0),
(350, 'Final Fantasy VIII Official Strategy Guide', '', 27, 3, 2, 0, 0, 1, 1, 0),
(351, 'Final Fantasy X Official Strategy Guide', '', 27, 3, 2, 0, 0, 1, 1, 0),
(352, 'Final Fantasy The 4 Heroes of Light', '', 27, 3, 2, 0, 0, 1, 1, 0),
(353, 'Legend of Mana Official Strategy Guide', '', 27, 3, 2, 0, 0, 1, 0, 0),
(354, 'Legend of Zelda Four Swords Adventures Official Player\'s Guide', '', 27, 3, 2, 0, 0, 1, 2, 0),
(355, 'Legend of Zelda Ocarina of Time', '', 27, 3, 2, 0, 0, 1, 2, 0),
(356, 'Legend of Zelda Phantom Hourglass Premier Edition', '', 27, 3, 4, 0, 0, 1, 2, 0),
(357, 'Legend of Zelda Skyward Sword Collectors Edition', '', 27, 3, 2, 0, 0, 1, 2, 0),
(358, 'Legend of Zelda Spirit Tracks Premier Edition', '', 27, 3, 4, 0, 0, 1, 2, 0),
(359, 'Legend of Zelda Twilight Princess Collectors Edition', '', 27, 3, 2, 0, 0, 1, 2, 0),
(360, 'Legend of Zelda Wind Waker Official Strategy Guide', '', 27, 3, 2, 0, 0, 1, 2, 0),
(361, 'Paper Mario Thousand Year Door Official Player\'s Guide', '', 27, 3, 2, 0, 0, 1, 3, 0),
(362, 'Secret of Mana Official Game Secrets', '', 27, 3, 2, 0, 0, 1, 0, 0),
(363, 'Sonic Adventure 2 Battle Official Perfect Guide + Sonic Advance', '', 27, 3, 2, 0, 0, 1, 0, 0),
(364, 'Super Mario Sunshine Official Perfect Guide', '', 27, 3, 2, 0, 0, 1, 3, 0),
(365, 'Super Mario Sunshine Official Strategy Guide', '', 27, 3, 2, 0, 0, 1, 3, 0),
(366, 'Super Paper Mario Official Player\'s Guide', '', 27, 3, 2, 0, 0, 1, 3, 0),
(367, 'Super Paper Mario Authorized Game Guide', '', 27, 3, 2, 0, 0, 1, 3, 0),
(368, 'Tales of Symphonia', '', 27, 3, 2, 0, 0, 1, 0, 0),
(369, 'World of Warcraft', '', 27, 3, 2, 0, 0, 1, 0, 0),
(370, 'Fable The Lost Chapters Official Game Guide', '', 27, 3, 2, 0, 0, 1, 8, 0),
(371, 'Diddy Kong Racing Official Player\'s Guide', '', 27, 3, 2, 0, 0, 1, 0, 0),
(372, 'Dragon Quest V Hand of the Heavenly Bride', '', 27, 3, 2, 0, 0, 1, 13, 0),
(373, 'Amiibo 8-bit Link', 'amiibo/link-8-bit', 26, 4, 4, 1, 0, 0, 9, 0),
(374, 'Final Fantasy VII Dirge of Cerberus', 'final-fantasy-vii-dirge-of-cerberus', 12, 1, 3, 1, 1, 0, 1, 0),
(375, 'Sega Genesis Collection', 'sega-genesis-collection', 12, 1, 3, 1, 1, 0, 0, 0),
(376, 'Metal Gear Solid HD Collection', 'metal-gear-solid-hd-collection', 13, 1, 3, 1, 1, 0, 0, 0),
(377, 'Final Fantasy VII Official Strategy Guide', '', 27, 3, 2, 0, 0, 1, 1, 0),
(378, 'Final Fantasy X2 Official Strategy Guide', '', 27, 3, 2, 0, 0, 1, 1, 0),
(379, 'Final Fantasy XII', '', 27, 3, 2, 0, 0, 1, 1, 0),
(380, 'Batman Arkham Asylum', '', 27, 3, 2, 0, 0, 1, 0, 0),
(381, 'Final Fantasy Origins', '', 22, 1, 1, 0, 0, 0, 1, 0),
(382, 'Final Fantasy V', '', 22, 1, 1, 0, 0, 0, 1, 0),
(383, 'Final Fantasy VI', '', 22, 1, 1, 0, 0, 0, 1, 0),
(384, 'Okami HD', '', 13, 1, 1, 0, 0, 0, 0, 0),
(385, 'Adventures of Mana', '', 15, 1, 1, 0, 0, 0, 0, 0),
(386, 'Final Fantasy Chronicles Official Strategy Guide', '', 27, 3, 2, 0, 0, 1, 1, 0),
(387, 'Elder Scrolls IV Oblivion', 'elder-scrolls-iv-oblivion-game-of-the-year', 17, 1, 4, 1, 1, 0, 15, 0),
(388, 'Sword Art Online Lost Song', 'sword-art-online-lost-song', 15, 1, 3, 1, 0, 0, 0, 0),
(389, 'Final Fantasy Tactics War of the Lions', '', 14, 1, 1, 0, 0, 0, 1, 0),
(390, 'Final Fantasy III', '', 14, 1, 1, 0, 0, 0, 1, 0),
(391, 'Final Fantasy IV Complete Collection', '', 14, 1, 1, 0, 0, 0, 1, 0),
(392, 'Wii U Pro Controller (PowerA)', '', 26, 4, 4, 1, 1, 0, 9, 0),
(393, 'Mass Effect', 'mass-effect', 17, 1, 3, 1, 1, 0, 0, 0),
(394, 'Mass Effect 2', 'mass-effect-2', 17, 1, 3, 1, 1, 0, 0, 0),
(395, 'Mass Effect 3', 'mass-effect-3', 17, 1, 3, 1, 1, 0, 0, 0),
(396, 'GBA', '', 25, 2, 2, 0, 0, 1, 9, 0),
(397, 'Wii Fit Balance Board', '', 26, 4, 2, 0, 0, 0, 9, 0),
(398, 'Animal Crossing New Leaf', 'animal-crossing-new-leaf', 21, 1, 3, 1, 1, 0, 0, 0),
(399, 'LEGO Rock Band', 'lego-rock-band', 5, 1, 3, 1, 1, 0, 0, 0),
(400, 'Beatles Rock Band', 'the-beatles-rock-band', 5, 1, 3, 1, 1, 0, 0, 0),
(401, 'Final Fantasy II', '', 27, 3, 2, 0, 0, 1, 1, 0),
(402, 'Dragon Quest IX Sentinels of the Starry Skies', '', 27, 3, 2, 0, 0, 1, 13, 0),
(403, 'Nostalgia', '', 27, 3, 2, 0, 0, 1, 0, 0),
(404, 'Final Fantasy III  (SNES)', '', 27, 3, 2, 0, 0, 1, 1, 0),
(405, 'Batman Arkham Knight', '', 27, 3, 2, 0, 0, 1, 0, 0),
(407, 'Legend of Zelda Majora\'s Mask Official Players Guide', '', 27, 3, 2, 0, 0, 1, 2, 0),
(408, 'Croods Prehistoric Party', 'the-croods-prehistoric-party', 8, 1, 3, 1, 1, 0, 0, 0),
(409, 'Xbox 360 Wireless Receiver for Windows', '', 26, 4, 2, 0, 1, 0, 11, 0),
(410, 'Bionic Commando Rearmed', '', 13, 1, 1, 0, 0, 0, 0, 0),
(411, 'Bionic Commando Rearmed 2', '', 13, 1, 1, 0, 0, 0, 0, 0),
(412, 'Uncharted Drake\'s Fortune', '', 13, 1, 1, 0, 0, 0, 0, 0),
(413, 'Uncharted 2 Among Thieves', '', 13, 1, 1, 0, 0, 0, 0, 0),
(414, 'Super Mario World', '', 21, 1, 1, 0, 0, 0, 3, 0),
(415, 'Uncharted 3 Drake\'s Deception', 'uncharted-3-drake\'s-deception', 13, 1, 2, 1, 0, 0, 0, 0),
(416, 'God of War Saga', 'god-of-war-saga-dual-pack', 13, 1, 2, 1, 0, 0, 7, 0),
(417, 'Final Fantasy XIII Complete Official Guide', '', 27, 3, 2, 0, 0, 1, 1, 0),
(418, 'Fable III', '', 27, 3, 2, 0, 0, 1, 8, 0),
(419, 'Enter the Matrix Official Strategy Guide', '', 27, 3, 2, 0, 0, 1, 0, 0),
(420, 'Matrix Path of Neo', '', 27, 3, 2, 0, 0, 1, 0, 0),
(421, 'Kingdom Hearts Official Strategy Guide', '', 27, 3, 2, 0, 0, 1, 16, 0),
(422, 'Legend of Zelda Collector\'s Edition Official Player\'s Guide', '', 27, 3, 2, 0, 0, 1, 2, 0),
(423, 'Kingdom Hearts', 'kingdom-hearts', 12, 1, 3, 1, 1, 0, 16, 0),
(424, 'Kingdom Hearts 2', 'kingdom-hearts-2', 12, 1, 3, 1, 1, 0, 16, 0),
(425, 'Resident Evil 2', '', 22, 1, 1, 0, 0, 0, 0, 0),
(426, 'Exist Archive', '', 15, 1, 4, 1, 1, 0, 0, 1),
(427, 'Final Fantasy II', 'final-fantasy-ii', 14, 1, 3, 1, 1, 0, 1, 0),
(428, 'Legend of Zelda Breath of the Wild', 'zelda-breath-of-the-wild', 6, 1, 3, 1, 0, 0, 2, 0),
(429, 'Kirby Mass Attack', '', 8, 1, 2, 1, 0, 0, 0, 1),
(430, 'Dragon Quest V', 'dragon-quest-v-hand-of-the-heavenly-bride', 8, 1, 4, 1, 1, 0, 13, 0),
(431, 'Misadventures of Tron Bonne', '', 22, 1, 1, 0, 0, 0, 0, 0),
(432, 'Grandia III', 'grandia-3', 12, 1, 3, 1, 1, 0, 0, 0),
(433, 'Borderlands 2', 'borderlands-2', 13, 1, 4, 1, 1, 0, 0, 0),
(434, 'Borderlands The Pre Sequel', 'borderlands-the-pre-sequel', 13, 1, 4, 1, 1, 0, 0, 0),
(435, 'Grandia III', '', 27, 3, 2, 0, 0, 0, 0, 0),
(436, 'Legend of Zelda Breath of the Wild', 'zelda-breath-of-the-wild', 28, 1, 3, 1, 1, 0, 2, 0),
(437, 'Super Monkey Ball 3D', '', 21, 1, 3, 1, 1, 0, 0, 0),
(438, 'Resident Evil Director\'s Cut', '', 22, 1, 1, 0, 0, 0, 0, 0),
(439, 'Breath of Fire III', '', 22, 1, 1, 0, 0, 0, 0, 0),
(440, 'Starfox 64 3D', 'star-fox-64-3d', 21, 1, 2, 0, 0, 0, 0, 0),
(441, 'Golden Sun Dark Dawn', '', 8, 1, 4, 1, 1, 0, 17, 0),
(442, 'Golden Sun', 'golden-sun', 20, 1, 2, 0, 1, 0, 17, 0),
(443, 'Golden Sun The Lost Age', 'golden-sun-the-lost-age', 20, 1, 2, 0, 1, 0, 17, 0),
(444, 'Mario and Luigi Superstar Saga', 'mario-and-luigi-superstar-saga', 20, 1, 2, 0, 1, 0, 0, 0),
(445, 'Mega Man X Collection', 'mega-man-x-collection', 12, 1, 4, 1, 1, 0, 0, 0),
(446, 'Dragon Quest VIII', 'dragon-quest-viii-journey-of-the-cursed-king', 21, 1, 4, 1, 1, 0, 13, 0),
(447, 'Gotcha The Sport', 'gotcha', 1, 1, 2, 0, 0, 0, 0, 0),
(448, 'Hogan\'s Alley', 'hogan\'s-alley', 1, 1, 2, 0, 0, 0, 0, 0),
(449, 'Elder Scrolls VI Oblivion GOTY', '', 27, 3, 2, 0, 0, 1, 15, 0),
(450, 'Oceanhorn', '', 28, 1, 1, 0, 0, 0, 0, 0),
(451, 'I Am Setsuna', '', 28, 1, 1, 0, 0, 0, 0, 0),
(452, 'Incredibles', 'the-incredibles', 4, 1, 3, 1, 1, 0, 0, 0),
(453, 'Incredibles Rise of the Underminer', 'the-incredibles-rise-of-the-underminer', 4, 1, 3, 1, 1, 0, 0, 0),
(454, 'Skies of Arcadia Legends', 'skies-of-arcadia', 4, 1, 3, 1, 1, 0, 0, 0),
(455, 'Mario and Luigi Partners in Time', 'mario-and-luigi-partners-in-time', 8, 1, 3, 1, 1, 0, 0, 0),
(456, 'Kingdom Hearts 1.5 HD Remix', 'kingdom-hearts-hd-15-remix', 13, 1, 3, 1, 1, 0, 16, 0),
(457, 'Kingdom Hearts 2.5 HD Remix', 'kingdom-hearts-hd-25-remix', 13, 1, 3, 1, 1, 0, 16, 0),
(458, 'God of War Collection', 'god-of-war-collection', 15, 1, 3, 1, 0, 0, 7, 0),
(459, 'Call of Duty Black Ops II', 'call-of-duty-black-ops-ii', 17, 1, 2, 1, 0, 0, 14, 0),
(460, 'Shovel Knight', 'shovel-knight', 21, 1, 4, 1, 1, 0, 0, 0),
(461, 'Green Day Rock Band', 'green-day-rock-band', 5, 1, 3, 1, 1, 0, 0, 0),
(462, 'God of War Collection', '', 27, 3, 2, 0, 0, 0, 7, 0),
(463, 'Legend of Zelda Link Between Worlds', '', 27, 3, 2, 0, 0, 0, 2, 0),
(464, 'Legend of Zelda Breath of the Wild Complete Official Guide', '', 27, 3, 2, 0, 0, 0, 2, 0),
(465, 'Resident Evil 2', 'resident-evil-2', 11, 1, 3, 1, 1, 0, 0, 0),
(466, 'Legend of Zelda Twilight Princess', 'zelda-twilight-princess', 5, 1, 3, 1, 1, 0, 2, 0),
(467, 'Golden Sun and Golden Sun 2 Lost Age Official Strategy Guide', '', 27, 3, 2, 0, 0, 0, 17, 0),
(468, 'Golden Sun Dark Dawn', '', 27, 3, 2, 0, 0, 0, 17, 0),
(469, 'White Knight Chronicles', '', 27, 3, 2, 0, 0, 0, 0, 0),
(470, 'Amiibo SSB Cloud', 'amiibo/cloud', 26, 4, 4, 0, 0, 0, 9, 0),
(471, 'SNES Classic Edition', 'super-nintendo/super-nintendo-classic-edition', 25, 2, 4, 1, 1, 0, 9, 0),
(472, '3D Dot Game Heroes', '3d-dot-game-heroes', 13, 1, 4, 1, 1, 0, 0, 0);

-- --------------------------------------------------------

--
-- Table structure for table `style`
--

CREATE TABLE `style` (
  `styleID` int(11) NOT NULL,
  `styleName` varchar(50) NOT NULL,
  `styleText` varchar(255) NOT NULL
) ENGINE=InnoDB DEFAULT CHARSET=latin1;

--
-- Dumping data for table `style`
--

INSERT INTO `style` (`styleID`, `styleName`, `styleText`) VALUES
(1, 'Final Fantasy', 'color:#000000;background-color:#00FFFF;font-weight:bold;'),
(2, 'Legend of Zelda', 'color:#000000;background-color:#FFFF00;font-weight:bold;'),
(3, 'Mario', 'color:#FFFFFF;background-color:#6D9EEB;font-weight:bold;'),
(4, 'Mario Kart', 'color:#FFFFFF;background-color:#CC0000;font-weight:bold;'),
(5, 'Tales of', 'color:#FFFFFF;background-color:#9900FF;font-weight:bold;'),
(6, 'Need for Speed', 'color:#FFFFFF;background-color:#666666;font-weight:bold;'),
(7, 'God of War', 'color:#FFE200;background-color:#A61C00;font-weight:bold;'),
(8, 'Fable', 'color:#FFFF03;background-color:#38761D;font-weight:bold;'),
(9, 'Nintendo', 'color:#FFFFFF;background-color:#E06666;font-weight:bold;'),
(10, 'Playstation', 'color:#FFFFFF;background-color:#666666;font-weight:bold;'),
(11, 'XBox', 'color:#000000;background-color:#00FF00;font-weight:bold;'),
(12, 'NVidia', 'color:#00FF00;background-color:#000000;font-weight:bold;'),
(13, 'Dragon Quest', 'color:#FFFFFF;background-color:#1D4C96;font-weight:bold;'),
(14, 'Call of Duty', 'color:#90EE90;background-color:#A9A9A9;font-weight:bold;'),
(15, 'Elder Scrolls', 'color:#ffd700;background-color:#004d00;font-weight:bold;'),
(16, 'Kingdom Hearts', 'color:#ffff1a;background-color:#c0c0c0;font-weight:bold;'),
(17, 'Golden Sun', 'color:#ffd700;background-color:#800080;font-weight:bold;');

-- --------------------------------------------------------

--
-- Table structure for table `value`
--

CREATE TABLE `value` (
  `valID` int(11) NOT NULL,
  `itemID` bigint(20) NOT NULL,
  `valAmount` decimal(6,2) NOT NULL,
  `valLastCheck` timestamp NOT NULL DEFAULT CURRENT_TIMESTAMP ON UPDATE CURRENT_TIMESTAMP
) ENGINE=InnoDB DEFAULT CHARSET=latin1;

--
-- Dumping data for table `value`
--

INSERT INTO `value` (`valID`, `itemID`, `valAmount`, `valLastCheck`) VALUES
(1, 1, 26.39, '2016-07-28 16:48:21'),
(2, 3, 9.99, '2016-07-28 16:48:52'),
(3, 4, 66.00, '2016-07-28 16:48:52'),
(4, 5, 3.25, '2016-07-28 16:48:53'),
(5, 6, 34.99, '2016-07-28 16:48:54'),
(6, 7, 6.24, '2016-07-28 16:48:54'),
(7, 8, 8.50, '2016-07-28 16:48:54'),
(8, 9, 25.00, '2016-07-28 16:48:55'),
(9, 10, 10.50, '2016-07-28 16:48:55'),
(10, 11, 26.00, '2016-07-28 16:48:56'),
(11, 12, 1.49, '2016-07-28 16:48:56'),
(12, 13, 23.95, '2016-07-28 16:48:56'),
(13, 14, 41.00, '2016-07-28 16:48:57'),
(14, 15, 17.01, '2016-07-28 16:48:58'),
(15, 16, 6.49, '2016-07-28 16:48:58'),
(16, 17, 6.50, '2016-07-28 16:48:58'),
(17, 18, 15.25, '2016-07-28 16:48:59'),
(18, 19, 7.50, '2016-07-28 16:48:59'),
(19, 20, 15.50, '2016-07-28 16:48:59'),
(20, 21, 244.97, '2016-07-28 16:49:00'),
(21, 22, 115.00, '2016-07-28 16:49:00'),
(22, 23, 39.99, '2016-07-28 16:49:01'),
(23, 24, 31.50, '2016-07-28 16:49:01'),
(24, 25, 6.99, '2016-07-28 16:49:01'),
(25, 26, 8.50, '2016-07-28 16:49:02'),
(26, 27, 10.00, '2016-07-28 16:49:02'),
(27, 28, 8.00, '2016-07-28 16:49:03'),
(28, 29, 4.99, '2016-07-28 16:49:03'),
(29, 30, 57.10, '2016-07-28 16:49:03'),
(30, 31, 12.60, '2016-07-28 16:49:04'),
(31, 32, 29.52, '2016-07-28 16:49:04'),
(32, 33, 16.50, '2016-07-28 16:49:05'),
(33, 34, 20.96, '2016-07-28 16:49:06'),
(34, 35, 14.99, '2016-07-28 16:49:06'),
(35, 36, 26.00, '2016-07-28 16:49:07'),
(36, 37, 43.95, '2016-07-28 16:49:07'),
(37, 38, 8.97, '2016-07-28 16:49:08'),
(38, 39, 36.00, '2016-07-28 16:49:08'),
(39, 40, 8.95, '2016-07-28 16:49:09'),
(40, 163, 14.99, '2016-07-28 16:49:10'),
(41, 41, 9.50, '2016-07-28 16:49:11'),
(42, 42, 15.00, '2016-07-28 16:49:13'),
(43, 43, 23.97, '2016-07-28 16:49:14'),
(44, 44, 49.89, '2016-07-28 16:49:15'),
(45, 45, 24.99, '2016-07-28 16:49:15'),
(46, 46, 38.07, '2016-07-28 16:49:16'),
(47, 47, 29.37, '2016-07-28 16:49:17'),
(48, 48, 45.26, '2016-07-28 16:49:18'),
(49, 49, 31.76, '2016-07-28 16:49:19'),
(50, 50, 27.49, '2016-07-28 16:49:20'),
(51, 51, 34.92, '2016-07-28 16:49:21'),
(52, 52, 5.50, '2016-07-28 16:49:21'),
(53, 53, 37.67, '2016-07-28 16:49:22'),
(54, 54, 29.47, '2016-07-28 16:49:22'),
(55, 55, 32.26, '2016-07-28 16:49:23'),
(56, 56, 51.30, '2016-07-28 16:49:24'),
(57, 57, 17.06, '2016-07-28 16:49:24'),
(58, 58, 34.31, '2016-07-28 16:49:25'),
(59, 59, 4.23, '2016-07-28 16:49:25'),
(60, 60, 18.50, '2016-07-28 16:49:26'),
(61, 61, 144.99, '2016-07-28 16:49:27'),
(62, 62, 11.00, '2016-07-28 16:49:28'),
(63, 63, 15.35, '2016-07-28 16:49:28'),
(64, 64, 49.99, '2016-07-28 16:49:29'),
(65, 65, 4.70, '2016-07-28 16:49:29'),
(66, 66, 11.99, '2016-07-28 16:49:30'),
(67, 67, 53.45, '2016-07-28 16:49:30'),
(68, 68, 48.50, '2016-07-28 16:49:31'),
(69, 69, 37.90, '2016-07-28 16:49:31'),
(70, 170, 14.67, '2016-07-28 16:49:32'),
(71, 70, 10.00, '2016-07-28 16:49:33'),
(72, 71, 16.98, '2016-07-28 16:49:34'),
(73, 81, 64.99, '2016-07-28 16:49:34'),
(74, 90, 17.24, '2016-07-28 16:49:35'),
(75, 91, 19.99, '2016-07-28 16:49:36'),
(76, 92, 5.18, '2016-07-28 16:49:36'),
(77, 93, 21.18, '2016-07-28 16:49:37'),
(78, 94, 15.50, '2016-07-28 16:49:37'),
(79, 164, 9.97, '2016-07-28 16:49:38'),
(80, 95, 13.75, '2016-07-28 16:49:38'),
(81, 96, 20.00, '2016-07-28 16:49:39'),
(82, 97, 19.99, '2016-07-28 16:49:40'),
(83, 99, 8.97, '2016-07-28 16:49:41'),
(84, 100, 15.00, '2016-07-28 16:49:42'),
(85, 98, 33.50, '2016-07-28 16:49:42'),
(86, 101, 13.38, '2016-07-28 16:49:43'),
(87, 102, 18.00, '2016-07-28 16:49:43'),
(88, 103, 17.50, '2016-07-28 16:49:44'),
(89, 104, 12.99, '2016-07-28 16:49:45'),
(90, 105, 14.99, '2016-07-28 16:49:45'),
(91, 106, 24.89, '2016-07-28 16:49:46'),
(92, 107, 12.98, '2016-07-28 16:49:47'),
(93, 108, 5.13, '2016-07-28 16:49:48'),
(94, 109, 6.95, '2016-07-28 16:49:48'),
(95, 110, 17.03, '2016-07-28 16:49:49'),
(96, 111, 19.97, '2016-07-28 16:49:49'),
(97, 112, 29.99, '2016-07-28 16:49:50'),
(98, 113, 8.41, '2016-07-28 16:49:50'),
(99, 114, 8.07, '2016-07-28 16:49:51'),
(100, 115, 6.00, '2016-07-28 16:49:52'),
(101, 117, 5.95, '2016-07-28 16:49:53'),
(102, 116, 6.49, '2016-07-28 16:49:54'),
(103, 118, 13.50, '2016-07-28 16:49:54'),
(104, 119, 19.99, '2016-07-28 16:49:55'),
(105, 120, 9.65, '2016-07-28 16:49:56'),
(106, 121, 11.00, '2016-07-28 16:49:57'),
(107, 167, 7.48, '2016-07-28 16:49:58'),
(108, 168, 9.89, '2016-07-28 16:49:58'),
(109, 125, 8.95, '2016-07-28 16:50:00'),
(110, 122, 8.64, '2016-07-28 16:50:00'),
(111, 123, 5.50, '2016-07-28 16:50:01'),
(112, 124, 9.99, '2016-07-28 16:50:01'),
(113, 126, 13.48, '2016-07-28 16:50:02'),
(114, 127, 9.99, '2016-07-28 16:50:03'),
(115, 128, 6.29, '2016-07-28 16:50:03'),
(116, 129, 12.00, '2016-07-28 16:50:04'),
(117, 130, 16.00, '2016-07-28 16:50:04'),
(118, 132, 18.74, '2016-07-28 16:50:04'),
(119, 131, 8.99, '2016-07-28 16:50:06'),
(120, 134, 13.98, '2016-07-28 16:50:19'),
(121, 133, 6.95, '2016-07-28 16:50:19'),
(122, 135, 11.50, '2016-07-28 16:50:20'),
(123, 162, 10.97, '2016-07-28 16:50:20'),
(124, 136, 11.07, '2016-07-28 16:50:21'),
(125, 137, 11.00, '2016-07-28 16:50:21'),
(126, 138, 10.60, '2016-07-28 16:50:22'),
(127, 166, 10.24, '2016-07-28 16:50:23'),
(128, 139, 6.98, '2016-07-28 16:50:23'),
(129, 140, 9.25, '2016-07-28 16:50:24'),
(130, 141, 35.00, '2016-07-28 16:50:24'),
(131, 169, 21.06, '2016-07-28 16:50:25'),
(132, 142, 3.99, '2016-07-28 16:50:25'),
(133, 143, 3.89, '2016-07-28 16:50:25'),
(134, 144, 4.76, '2016-07-28 16:50:26'),
(135, 145, 4.76, '2016-07-28 16:50:26'),
(136, 146, 5.99, '2016-07-28 16:50:27'),
(137, 148, 3.57, '2016-07-28 16:50:28'),
(138, 149, 7.46, '2016-07-28 16:50:29'),
(139, 147, 5.99, '2016-07-28 16:50:29'),
(140, 150, 7.45, '2016-07-28 16:50:30'),
(141, 151, 12.49, '2016-07-28 16:50:30'),
(142, 152, 6.20, '2016-07-28 16:50:31'),
(143, 153, 6.08, '2016-07-28 16:50:31'),
(144, 154, 5.54, '2016-07-28 16:50:34'),
(145, 155, 6.99, '2016-07-28 16:50:35'),
(146, 156, 4.10, '2016-07-28 16:50:35'),
(147, 157, 5.40, '2016-07-28 16:50:35'),
(148, 158, 17.68, '2016-07-28 16:50:36'),
(149, 159, 8.97, '2016-07-28 16:50:36'),
(150, 160, 14.98, '2016-07-28 16:50:36'),
(151, 161, 4.97, '2016-07-28 16:50:37'),
(152, 79, 60.00, '2016-07-28 16:50:38'),
(153, 80, 11.52, '2016-07-28 16:50:38'),
(154, 72, 19.97, '2016-07-28 16:50:39'),
(155, 73, 21.99, '2016-07-28 16:50:39'),
(156, 74, 28.35, '2016-07-28 16:50:39'),
(157, 75, 59.48, '2016-07-28 16:50:40'),
(158, 77, 50.00, '2016-07-28 16:50:40'),
(159, 165, 34.99, '2016-07-28 16:50:40'),
(160, 76, 61.00, '2016-07-28 16:50:41'),
(161, 78, 35.50, '2016-07-28 16:50:41'),
(162, 82, 35.09, '2016-07-28 16:50:42'),
(163, 83, 29.00, '2016-07-28 16:50:42'),
(164, 84, 4.95, '2016-07-28 16:50:43'),
(165, 85, 7.40, '2016-07-28 16:50:43'),
(166, 86, 28.16, '2016-07-28 16:50:44'),
(167, 87, 20.33, '2016-07-28 16:50:44'),
(168, 88, 13.00, '2016-07-28 16:50:45'),
(169, 89, 19.23, '2016-07-28 16:50:46'),
(184, 1, 26.38, '2016-12-01 18:11:43'),
(185, 2, 15.99, '2016-12-01 18:11:43'),
(186, 3, 9.75, '2016-12-01 18:11:44'),
(187, 5, 4.25, '2016-12-01 18:11:45'),
(188, 7, 5.01, '2016-12-01 18:11:45'),
(189, 8, 5.50, '2016-12-01 18:11:46'),
(190, 9, 23.99, '2016-12-01 18:11:47'),
(191, 10, 9.50, '2016-12-01 18:11:47'),
(192, 11, 26.19, '2016-12-01 18:11:48'),
(193, 12, 3.25, '2016-12-01 18:11:48'),
(194, 15, 15.50, '2016-12-01 18:11:49'),
(195, 16, 8.00, '2016-12-01 18:11:55'),
(196, 17, 6.08, '2016-12-01 18:11:55'),
(197, 19, 10.99, '2016-12-01 18:11:57'),
(198, 20, 13.48, '2016-12-01 18:11:58'),
(199, 24, 30.00, '2016-12-01 18:11:59'),
(200, 25, 14.06, '2016-12-01 18:11:59'),
(201, 26, 9.61, '2016-12-01 18:12:00'),
(202, 27, 9.74, '2016-12-01 18:12:01'),
(203, 28, 7.75, '2016-12-01 18:12:01'),
(204, 29, 6.83, '2016-12-01 18:12:03'),
(205, 30, 51.00, '2016-12-01 18:12:03'),
(206, 31, 15.96, '2016-12-01 18:12:04'),
(207, 32, 30.11, '2016-12-01 18:12:04'),
(208, 33, 20.00, '2016-12-01 18:12:05'),
(209, 34, 18.00, '2016-12-01 18:12:06'),
(210, 35, 13.75, '2016-12-01 18:12:06'),
(211, 36, 21.50, '2016-12-01 18:12:07'),
(212, 37, 47.00, '2016-12-01 18:12:08'),
(213, 38, 9.00, '2016-12-01 18:12:08'),
(214, 39, 40.00, '2016-12-01 18:12:09'),
(215, 40, 7.95, '2016-12-01 18:12:09'),
(216, 41, 10.00, '2016-12-01 18:12:10'),
(217, 42, 13.00, '2016-12-01 18:12:11'),
(218, 43, 26.00, '2016-12-01 18:12:12'),
(219, 44, 44.81, '2016-12-01 18:12:12'),
(220, 78, 16.00, '2016-12-01 18:12:14'),
(221, 80, 17.00, '2016-12-01 18:12:14'),
(222, 100, 17.99, '2016-12-01 18:12:15'),
(223, 148, 6.49, '2016-12-01 18:12:16'),
(224, 163, 17.74, '2016-12-01 18:12:16'),
(225, 194, 4.99, '2016-12-01 18:12:17'),
(226, 199, 18.99, '2016-12-01 18:12:18'),
(227, 4, 47.00, '2016-12-01 18:12:18'),
(228, 6, 25.86, '2016-12-01 18:12:19'),
(229, 13, 24.99, '2016-12-01 18:12:19'),
(230, 14, 30.48, '2016-12-01 18:12:20'),
(231, 21, 246.24, '2016-12-01 18:12:21'),
(232, 22, 108.77, '2016-12-01 18:12:22'),
(233, 23, 36.50, '2016-12-01 18:12:22'),
(234, 45, 20.42, '2016-12-01 18:12:23'),
(235, 47, 32.53, '2016-12-01 18:12:25'),
(236, 48, 40.63, '2016-12-01 18:12:26'),
(237, 49, 28.50, '2016-12-01 18:12:27'),
(238, 50, 30.54, '2016-12-01 18:12:27'),
(239, 51, 38.35, '2016-12-01 18:12:28'),
(240, 52, 5.99, '2016-12-01 18:12:28'),
(241, 53, 42.60, '2016-12-01 18:12:29'),
(242, 54, 24.99, '2016-12-01 18:12:30'),
(243, 55, 36.44, '2016-12-01 18:12:30'),
(244, 56, 52.90, '2016-12-01 18:12:31'),
(245, 57, 19.00, '2016-12-01 18:12:32'),
(246, 58, 32.97, '2016-12-01 18:12:32'),
(247, 59, 7.99, '2016-12-01 18:12:33'),
(248, 60, 25.46, '2016-12-01 18:12:35'),
(249, 61, 94.80, '2016-12-01 18:12:36'),
(250, 62, 12.49, '2016-12-01 18:12:37'),
(251, 63, 17.34, '2016-12-01 18:12:38'),
(252, 65, 4.59, '2016-12-01 18:12:39'),
(253, 66, 10.36, '2016-12-01 18:12:40'),
(254, 68, 21.12, '2016-12-01 18:12:41'),
(255, 69, 38.54, '2016-12-01 18:12:41'),
(256, 70, 9.50, '2016-12-01 18:12:42'),
(257, 71, 17.95, '2016-12-01 18:12:43'),
(258, 72, 20.99, '2016-12-01 18:12:44'),
(259, 73, 24.41, '2016-12-01 18:12:44'),
(260, 74, 36.00, '2016-12-01 18:12:45'),
(261, 75, 54.99, '2016-12-01 18:12:46'),
(262, 76, 68.94, '2016-12-01 18:12:46'),
(263, 77, 40.00, '2016-12-01 18:12:47'),
(264, 79, 59.00, '2016-12-01 18:12:48'),
(265, 81, 98.56, '2016-12-01 18:12:48'),
(266, 82, 39.06, '2016-12-01 18:12:49'),
(267, 83, 28.99, '2016-12-01 18:12:50'),
(268, 84, 0.99, '2016-12-01 18:12:50'),
(269, 85, 7.50, '2016-12-01 18:12:51'),
(270, 86, 26.68, '2016-12-01 18:12:52'),
(271, 87, 18.99, '2016-12-01 18:12:52'),
(272, 88, 14.63, '2016-12-01 18:12:53'),
(273, 89, 20.75, '2016-12-01 18:12:54'),
(274, 90, 13.99, '2016-12-01 18:12:54'),
(275, 91, 21.93, '2016-12-01 18:12:55'),
(276, 92, 3.78, '2016-12-01 18:12:56'),
(277, 93, 20.00, '2016-12-01 18:12:57'),
(278, 94, 18.99, '2016-12-01 18:12:59'),
(279, 95, 13.50, '2016-12-01 18:13:00'),
(280, 97, 19.90, '2016-12-01 18:13:01'),
(281, 99, 11.49, '2016-12-01 18:13:03'),
(282, 101, 15.00, '2016-12-01 18:13:03'),
(283, 102, 18.95, '2016-12-01 18:13:04'),
(284, 103, 16.69, '2016-12-01 18:13:05'),
(285, 104, 14.95, '2016-12-01 18:13:05'),
(286, 105, 13.99, '2016-12-01 18:13:06'),
(287, 106, 24.50, '2016-12-01 18:13:06'),
(288, 107, 14.50, '2016-12-01 18:13:07'),
(289, 108, 7.00, '2016-12-01 18:13:08'),
(290, 109, 6.99, '2016-12-01 18:13:08'),
(291, 110, 15.25, '2016-12-01 18:13:09'),
(292, 111, 18.24, '2016-12-01 18:13:10'),
(293, 112, 26.46, '2016-12-01 18:13:11'),
(294, 113, 5.89, '2016-12-01 18:13:12'),
(295, 115, 6.99, '2016-12-01 18:13:14'),
(296, 116, 7.08, '2016-12-01 18:13:15'),
(297, 117, 5.89, '2016-12-01 18:13:16'),
(298, 118, 11.39, '2016-12-01 18:13:16'),
(299, 119, 16.00, '2016-12-01 18:13:17'),
(300, 120, 8.95, '2016-12-01 18:13:17'),
(301, 122, 6.89, '2016-12-01 18:13:18'),
(302, 123, 6.10, '2016-12-01 18:13:19'),
(303, 124, 9.99, '2016-12-01 18:13:20'),
(304, 125, 8.14, '2016-12-01 18:13:20'),
(305, 127, 7.84, '2016-12-01 18:13:22'),
(306, 128, 6.99, '2016-12-01 18:13:23'),
(307, 129, 12.00, '2016-12-01 18:13:23'),
(308, 130, 14.12, '2016-12-01 18:13:24'),
(309, 131, 14.93, '2016-12-01 18:13:25'),
(310, 132, 18.49, '2016-12-01 18:13:25'),
(311, 133, 6.85, '2016-12-01 18:13:26'),
(312, 134, 12.97, '2016-12-01 18:13:27'),
(313, 135, 14.99, '2016-12-01 18:13:28'),
(314, 137, 9.95, '2016-12-01 18:13:29'),
(315, 138, 9.41, '2016-12-01 18:13:30'),
(316, 139, 6.99, '2016-12-01 18:13:30'),
(317, 140, 9.99, '2016-12-01 18:13:31'),
(318, 142, 4.55, '2016-12-01 18:13:32'),
(319, 143, 3.59, '2016-12-01 18:13:32'),
(320, 144, 5.85, '2016-12-01 18:13:33'),
(321, 145, 4.96, '2016-12-01 18:13:34'),
(322, 146, 5.99, '2016-12-01 18:13:35'),
(323, 147, 5.74, '2016-12-01 18:13:35'),
(324, 149, 6.99, '2016-12-01 18:13:36'),
(325, 150, 6.95, '2016-12-01 18:13:37'),
(326, 151, 9.99, '2016-12-01 18:13:37'),
(327, 152, 6.99, '2016-12-01 18:13:38'),
(328, 154, 5.99, '2016-12-01 18:13:39'),
(329, 155, 7.18, '2016-12-01 18:13:39'),
(330, 156, 5.50, '2016-12-01 18:13:40'),
(331, 157, 4.99, '2016-12-01 18:13:41'),
(332, 159, 7.99, '2016-12-01 18:13:42'),
(333, 160, 13.97, '2016-12-01 18:13:42'),
(334, 161, 4.97, '2016-12-01 18:13:43'),
(335, 162, 8.99, '2016-12-01 18:13:44'),
(336, 164, 10.50, '2016-12-01 18:13:44'),
(337, 165, 29.99, '2016-12-01 18:13:45'),
(338, 167, 5.95, '2016-12-01 18:13:46'),
(339, 168, 9.89, '2016-12-01 18:13:47'),
(340, 169, 19.99, '2016-12-01 18:13:47'),
(341, 198, 5.95, '2016-12-01 18:13:50'),
(342, 201, 11.99, '2016-12-01 18:13:51'),
(343, 204, 11.80, '2016-12-01 18:13:52'),
(344, 206, 14.99, '2016-12-01 18:13:53'),
(345, 208, 5.99, '2016-12-01 18:13:55'),
(346, 209, 5.65, '2016-12-01 18:13:56'),
(347, 210, 19.95, '2016-12-01 18:13:56'),
(348, 217, 11.94, '2016-12-01 18:13:57'),
(349, 96, 21.95, '2016-12-01 18:13:59'),
(350, 121, 12.10, '2016-12-01 18:14:00'),
(351, 126, 13.36, '2016-12-01 18:14:01'),
(352, 136, 10.95, '2016-12-01 18:14:01'),
(353, 141, 36.90, '2016-12-01 18:14:02'),
(354, 153, 4.33, '2016-12-01 18:14:02'),
(355, 158, 17.94, '2016-12-01 18:14:03'),
(356, 166, 9.99, '2016-12-01 18:14:04'),
(357, 170, 8.99, '2016-12-01 18:14:04'),
(358, 193, 12.43, '2016-12-01 18:14:05'),
(359, 200, 5.50, '2016-12-01 18:14:06'),
(360, 202, 9.95, '2016-12-01 18:14:06'),
(361, 212, 18.49, '2016-12-01 18:14:07'),
(362, 213, 20.00, '2016-12-01 18:14:08'),
(363, 214, 31.92, '2016-12-01 18:14:08'),
(364, 218, 14.04, '2016-12-01 18:14:09'),
(365, 219, 16.99, '2016-12-01 18:14:10'),
(366, 1, 25.25, '2017-03-06 23:47:36'),
(367, 2, 16.00, '2017-03-06 23:47:36'),
(368, 3, 10.50, '2017-03-06 23:47:37'),
(369, 5, 3.50, '2017-03-06 23:47:37'),
(370, 7, 5.50, '2017-03-06 23:47:38'),
(371, 8, 6.74, '2017-03-06 23:47:42'),
(372, 9, 22.17, '2017-03-06 23:47:44'),
(373, 10, 11.00, '2017-03-06 23:47:44'),
(374, 11, 25.66, '2017-03-06 23:47:45'),
(375, 12, 1.99, '2017-03-06 23:47:46'),
(376, 16, 5.00, '2017-03-06 23:47:47'),
(377, 17, 7.97, '2017-03-06 23:47:48'),
(378, 19, 9.86, '2017-03-06 23:47:50'),
(379, 20, 15.50, '2017-03-06 23:47:50'),
(380, 24, 31.00, '2017-03-06 23:47:51'),
(381, 25, 10.50, '2017-03-06 23:47:52'),
(382, 26, 10.29, '2017-03-06 23:47:53'),
(383, 27, 8.99, '2017-03-06 23:47:54'),
(384, 28, 9.50, '2017-03-06 23:47:54'),
(385, 29, 5.97, '2017-03-06 23:47:55'),
(386, 30, 56.61, '2017-03-06 23:47:55'),
(387, 31, 12.50, '2017-03-06 23:47:56'),
(388, 32, 29.89, '2017-03-06 23:47:57'),
(389, 33, 18.50, '2017-03-06 23:47:57'),
(390, 34, 21.01, '2017-03-06 23:47:58'),
(391, 35, 15.50, '2017-03-06 23:47:58'),
(392, 36, 23.99, '2017-03-06 23:47:59'),
(393, 37, 44.00, '2017-03-06 23:48:00'),
(394, 38, 7.99, '2017-03-06 23:48:00'),
(395, 39, 35.69, '2017-03-06 23:48:01'),
(396, 40, 8.84, '2017-03-06 23:48:02'),
(397, 41, 11.99, '2017-03-06 23:48:07'),
(398, 42, 12.50, '2017-03-06 23:48:08'),
(399, 43, 28.84, '2017-03-06 23:48:09'),
(400, 44, 46.00, '2017-03-06 23:48:11'),
(401, 64, 24.99, '2017-03-06 23:48:11'),
(402, 78, 16.28, '2017-03-06 23:48:12'),
(403, 80, 18.86, '2017-03-06 23:48:13'),
(404, 100, 19.75, '2017-03-06 23:48:14'),
(405, 163, 12.99, '2017-03-06 23:48:14'),
(406, 194, 4.28, '2017-03-06 23:48:15'),
(407, 199, 16.75, '2017-03-06 23:48:15'),
(408, 329, 9.97, '2017-03-06 23:49:50'),
(409, 4, 65.82, '2017-03-06 23:50:38'),
(410, 6, 29.99, '2017-03-06 23:50:38'),
(411, 13, 18.00, '2017-03-06 23:50:39'),
(412, 14, 35.88, '2017-03-06 23:50:40'),
(413, 15, 30.00, '2017-03-06 23:50:41'),
(414, 21, 275.00, '2017-03-06 23:50:41'),
(415, 22, 135.00, '2017-03-06 23:50:42'),
(416, 23, 39.00, '2017-03-06 23:50:43'),
(417, 45, 21.47, '2017-03-06 23:50:43'),
(418, 47, 31.65, '2017-03-06 23:50:46'),
(419, 48, 45.77, '2017-03-06 23:50:49'),
(420, 49, 33.23, '2017-03-06 23:50:49'),
(421, 50, 34.89, '2017-03-06 23:50:50'),
(422, 51, 40.05, '2017-03-06 23:50:51'),
(423, 52, 6.99, '2017-03-06 23:50:52'),
(424, 53, 42.30, '2017-03-06 23:50:53'),
(425, 54, 25.60, '2017-03-06 23:50:54'),
(426, 55, 40.06, '2017-03-06 23:50:55'),
(427, 56, 55.79, '2017-03-06 23:50:55'),
(428, 57, 20.00, '2017-03-06 23:50:56'),
(429, 59, 7.95, '2017-03-06 23:50:59'),
(430, 60, 21.50, '2017-03-06 23:51:00'),
(431, 61, 49.00, '2017-03-06 23:51:00'),
(432, 62, 12.47, '2017-03-06 23:51:01'),
(433, 63, 18.01, '2017-03-06 23:51:02'),
(434, 65, 4.77, '2017-03-06 23:51:03'),
(435, 66, 12.50, '2017-03-06 23:51:04'),
(436, 68, 19.81, '2017-03-06 23:51:05'),
(437, 69, 32.62, '2017-03-06 23:51:05'),
(438, 70, 9.40, '2017-03-06 23:51:06'),
(439, 71, 15.00, '2017-03-06 23:51:07'),
(440, 72, 22.50, '2017-03-06 23:51:08'),
(441, 73, 26.00, '2017-03-06 23:51:08'),
(442, 74, 35.00, '2017-03-06 23:51:09'),
(443, 75, 70.00, '2017-03-06 23:51:10'),
(444, 76, 69.38, '2017-03-06 23:51:10'),
(445, 77, 50.00, '2017-03-06 23:51:11'),
(446, 79, 63.00, '2017-03-06 23:51:12'),
(447, 81, 61.00, '2017-03-06 23:51:13'),
(448, 82, 36.87, '2017-03-06 23:51:14'),
(449, 83, 18.55, '2017-03-06 23:51:14'),
(450, 84, 2.75, '2017-03-06 23:51:16'),
(451, 85, 6.00, '2017-03-06 23:51:17'),
(452, 86, 28.65, '2017-03-06 23:51:17'),
(453, 87, 16.95, '2017-03-06 23:51:18'),
(454, 88, 14.99, '2017-03-06 23:51:19'),
(455, 89, 22.86, '2017-03-06 23:51:19'),
(456, 90, 16.61, '2017-03-06 23:51:20'),
(457, 91, 20.00, '2017-03-06 23:51:21'),
(458, 92, 4.46, '2017-03-06 23:51:22'),
(459, 93, 18.00, '2017-03-06 23:51:22'),
(460, 94, 22.00, '2017-03-06 23:51:23'),
(461, 95, 13.99, '2017-03-06 23:51:24'),
(462, 97, 22.97, '2017-03-06 23:51:25'),
(463, 99, 12.35, '2017-03-06 23:51:27'),
(464, 101, 15.00, '2017-03-06 23:51:28'),
(465, 102, 16.09, '2017-03-06 23:51:29'),
(466, 103, 20.50, '2017-03-06 23:51:29'),
(467, 104, 15.25, '2017-03-06 23:51:30'),
(468, 105, 15.99, '2017-03-06 23:51:31'),
(469, 106, 22.22, '2017-03-06 23:51:31'),
(470, 107, 16.00, '2017-03-06 23:51:32'),
(471, 108, 6.08, '2017-03-06 23:51:38'),
(472, 109, 8.49, '2017-03-06 23:51:38'),
(473, 110, 14.99, '2017-03-06 23:51:39'),
(474, 111, 19.49, '2017-03-06 23:51:41'),
(475, 112, 29.49, '2017-03-06 23:51:42'),
(476, 113, 6.00, '2017-03-06 23:51:42'),
(477, 115, 7.38, '2017-03-06 23:51:44'),
(478, 116, 6.13, '2017-03-06 23:51:45'),
(479, 117, 5.95, '2017-03-06 23:51:46'),
(480, 118, 9.99, '2017-03-06 23:51:47'),
(481, 119, 16.99, '2017-03-06 23:51:47'),
(482, 120, 6.00, '2017-03-06 23:51:48'),
(483, 122, 7.33, '2017-03-06 23:51:49'),
(484, 123, 3.00, '2017-03-06 23:51:49'),
(485, 124, 8.50, '2017-03-06 23:51:50'),
(486, 125, 8.50, '2017-03-06 23:51:51'),
(487, 127, 7.89, '2017-03-06 23:51:51'),
(488, 128, 6.00, '2017-03-06 23:51:52'),
(489, 129, 17.99, '2017-03-06 23:51:53'),
(490, 130, 13.81, '2017-03-06 23:51:54'),
(491, 131, 14.94, '2017-03-06 23:51:55'),
(492, 132, 16.45, '2017-03-06 23:51:56'),
(493, 133, 4.99, '2017-03-06 23:51:57'),
(494, 134, 9.99, '2017-03-06 23:51:57'),
(495, 135, 14.94, '2017-03-06 23:51:58'),
(496, 137, 6.99, '2017-03-06 23:51:59'),
(497, 138, 9.45, '2017-03-06 23:52:00'),
(498, 139, 7.00, '2017-03-06 23:52:00'),
(499, 140, 9.36, '2017-03-06 23:52:01'),
(500, 142, 3.89, '2017-03-06 23:52:02'),
(501, 143, 3.66, '2017-03-06 23:52:03'),
(502, 144, 4.25, '2017-03-06 23:52:04'),
(503, 145, 4.96, '2017-03-06 23:52:05'),
(504, 146, 6.99, '2017-03-06 23:52:06'),
(505, 147, 5.25, '2017-03-06 23:52:06'),
(506, 148, 6.99, '2017-03-06 23:52:08'),
(507, 149, 7.00, '2017-03-06 23:52:09'),
(508, 150, 7.95, '2017-03-06 23:52:09'),
(509, 151, 8.99, '2017-03-06 23:52:10'),
(510, 152, 5.20, '2017-03-06 23:52:11'),
(511, 154, 5.99, '2017-03-06 23:52:12'),
(512, 155, 7.97, '2017-03-06 23:52:13'),
(513, 156, 4.99, '2017-03-06 23:52:13'),
(514, 157, 4.97, '2017-03-06 23:52:14'),
(515, 159, 7.24, '2017-03-06 23:52:15'),
(516, 160, 13.73, '2017-03-06 23:52:16'),
(517, 161, 4.97, '2017-03-06 23:52:17'),
(518, 162, 9.00, '2017-03-06 23:52:18'),
(519, 164, 10.80, '2017-03-06 23:52:19'),
(520, 165, 29.95, '2017-03-06 23:52:19'),
(521, 167, 7.99, '2017-03-06 23:52:20'),
(522, 168, 7.90, '2017-03-06 23:52:21'),
(523, 169, 24.50, '2017-03-06 23:52:21'),
(524, 198, 5.42, '2017-03-06 23:52:24'),
(525, 201, 10.00, '2017-03-06 23:52:25'),
(526, 204, 10.00, '2017-03-06 23:52:26'),
(527, 206, 16.50, '2017-03-06 23:52:26'),
(528, 208, 8.99, '2017-03-06 23:52:29'),
(529, 209, 3.99, '2017-03-06 23:52:29'),
(530, 210, 18.97, '2017-03-06 23:52:30'),
(531, 212, 15.99, '2017-03-06 23:52:32'),
(532, 217, 13.00, '2017-03-06 23:52:32'),
(533, 328, 6.48, '2017-03-06 23:52:46'),
(534, 374, 9.91, '2017-03-06 23:52:47'),
(535, 375, 9.74, '2017-03-06 23:52:47'),
(536, 376, 12.00, '2017-03-06 23:52:48'),
(537, 388, 15.00, '2017-03-06 23:52:49'),
(538, 393, 7.00, '2017-03-06 23:52:50'),
(539, 394, 6.00, '2017-03-06 23:52:51'),
(540, 395, 7.50, '2017-03-06 23:52:51'),
(541, 398, 15.64, '2017-03-06 23:52:52'),
(542, 399, 6.56, '2017-03-06 23:52:52'),
(543, 400, 5.51, '2017-03-06 23:52:54'),
(544, 96, 19.99, '2017-03-06 23:52:55'),
(545, 121, 13.00, '2017-03-06 23:52:56'),
(546, 126, 15.95, '2017-03-06 23:52:57'),
(547, 136, 11.02, '2017-03-06 23:52:57'),
(548, 141, 35.00, '2017-03-06 23:52:58'),
(549, 153, 6.44, '2017-03-06 23:52:58'),
(550, 158, 32.99, '2017-03-06 23:52:59'),
(551, 166, 13.49, '2017-03-06 23:53:00'),
(552, 170, 10.16, '2017-03-06 23:53:01'),
(553, 193, 12.43, '2017-03-06 23:53:02'),
(554, 200, 7.94, '2017-03-06 23:53:02'),
(555, 202, 7.00, '2017-03-06 23:53:04'),
(556, 213, 25.38, '2017-03-06 23:53:04'),
(557, 214, 44.97, '2017-03-06 23:53:05'),
(558, 218, 8.51, '2017-03-06 23:53:05'),
(559, 219, 10.50, '2017-03-06 23:53:06'),
(560, 224, 11.83, '2017-03-06 23:53:07'),
(561, 225, 25.99, '2017-03-06 23:53:08'),
(562, 332, 23.50, '2017-03-06 23:53:12'),
(563, 333, 20.52, '2017-03-06 23:53:13'),
(564, 387, 14.99, '2017-03-06 23:53:18'),
(565, 1, 21.98, '2017-05-25 15:39:01'),
(566, 2, 13.01, '2017-05-25 15:39:02'),
(567, 3, 8.99, '2017-05-25 15:39:02'),
(568, 4, 59.99, '2017-05-25 15:39:02'),
(569, 5, 4.46, '2017-05-25 15:39:03'),
(570, 6, 28.49, '2017-05-25 15:39:03'),
(571, 7, 6.00, '2017-05-25 15:39:04'),
(572, 8, 6.25, '2017-05-25 15:39:04'),
(573, 9, 20.30, '2017-05-25 15:39:05'),
(574, 10, 10.73, '2017-05-25 15:39:05'),
(575, 11, 23.15, '2017-05-25 15:39:06'),
(576, 12, 1.50, '2017-05-25 15:39:06'),
(577, 13, 24.95, '2017-05-25 15:39:07'),
(578, 14, 29.95, '2017-05-25 15:39:07'),
(579, 15, 26.00, '2017-05-25 15:39:08'),
(580, 16, 4.16, '2017-05-25 15:39:08'),
(581, 17, 8.00, '2017-05-25 15:39:09'),
(582, 19, 9.99, '2017-05-25 15:39:10'),
(583, 20, 13.99, '2017-05-25 15:39:11'),
(584, 21, 270.01, '2017-05-25 15:39:12'),
(585, 22, 102.50, '2017-05-25 15:39:12'),
(586, 23, 39.97, '2017-05-25 15:39:13'),
(587, 24, 30.00, '2017-05-25 15:39:14'),
(588, 25, 11.00, '2017-05-25 15:39:14'),
(589, 26, 11.89, '2017-05-25 15:39:15'),
(590, 27, 10.91, '2017-05-25 15:39:15'),
(591, 28, 9.37, '2017-05-25 15:39:16'),
(592, 29, 5.00, '2017-05-25 15:39:16'),
(593, 30, 52.00, '2017-05-25 15:39:16'),
(594, 31, 11.76, '2017-05-25 15:39:17'),
(595, 32, 27.17, '2017-05-25 15:39:17'),
(596, 33, 18.35, '2017-05-25 15:39:18'),
(597, 34, 18.51, '2017-05-25 15:39:18'),
(598, 35, 14.50, '2017-05-25 15:39:19'),
(599, 36, 20.50, '2017-05-25 15:39:19'),
(600, 37, 36.27, '2017-05-25 15:39:19'),
(601, 38, 7.99, '2017-05-25 15:39:20'),
(602, 39, 34.00, '2017-05-25 15:39:20'),
(603, 40, 6.73, '2017-05-25 15:39:21'),
(604, 41, 8.80, '2017-05-25 15:39:21'),
(605, 42, 12.28, '2017-05-25 15:39:22'),
(606, 43, 21.09, '2017-05-25 15:39:22'),
(607, 44, 39.00, '2017-05-25 15:39:23'),
(608, 45, 16.50, '2017-05-25 15:39:23'),
(609, 47, 24.95, '2017-05-25 15:39:24'),
(610, 48, 39.00, '2017-05-25 15:39:25'),
(611, 49, 21.50, '2017-05-25 15:39:25'),
(612, 50, 27.65, '2017-05-25 15:39:26'),
(613, 51, 35.66, '2017-05-25 15:39:26'),
(614, 52, 6.75, '2017-05-25 15:39:27'),
(615, 53, 32.08, '2017-05-25 15:39:27'),
(616, 54, 20.50, '2017-05-25 15:39:28'),
(617, 55, 33.00, '2017-05-25 15:39:28'),
(618, 56, 49.07, '2017-05-25 15:39:29'),
(619, 57, 16.50, '2017-05-25 15:39:29'),
(620, 58, 27.96, '2017-05-25 15:39:31'),
(621, 59, 6.64, '2017-05-25 15:39:31'),
(622, 60, 20.00, '2017-05-25 15:39:32'),
(623, 61, 109.99, '2017-05-25 15:39:32'),
(624, 62, 10.50, '2017-05-25 15:39:33'),
(625, 63, 12.50, '2017-05-25 15:39:33'),
(626, 64, 22.00, '2017-05-25 15:39:34'),
(627, 65, 2.22, '2017-05-25 15:39:34'),
(628, 66, 9.95, '2017-05-25 15:39:35'),
(629, 67, 45.00, '2017-05-25 15:39:35'),
(630, 68, 16.50, '2017-05-25 15:39:36'),
(631, 69, 25.57, '2017-05-25 15:39:36'),
(632, 70, 4.26, '2017-05-25 15:39:37'),
(633, 71, 12.51, '2017-05-25 15:39:37'),
(634, 72, 24.17, '2017-05-25 15:39:38'),
(635, 73, 22.00, '2017-05-25 15:39:38'),
(636, 74, 35.00, '2017-05-25 15:39:39'),
(637, 75, 54.00, '2017-05-25 15:39:39'),
(638, 76, 72.17, '2017-05-25 15:39:40'),
(639, 77, 45.99, '2017-05-25 15:39:40'),
(640, 78, 18.00, '2017-05-25 15:39:41'),
(641, 79, 63.00, '2017-05-25 15:39:41'),
(642, 80, 16.88, '2017-05-25 15:39:42'),
(643, 81, 89.95, '2017-05-25 15:39:42'),
(644, 82, 34.89, '2017-05-25 15:39:43'),
(645, 83, 16.50, '2017-05-25 15:39:43'),
(646, 84, 4.48, '2017-05-25 15:39:44'),
(647, 85, 8.50, '2017-05-25 15:39:44'),
(648, 86, 26.00, '2017-05-25 15:39:45'),
(649, 87, 11.75, '2017-05-25 15:39:45'),
(650, 88, 13.00, '2017-05-25 15:39:46'),
(651, 89, 19.99, '2017-05-25 15:39:46'),
(652, 90, 13.75, '2017-05-25 15:39:46'),
(653, 91, 19.18, '2017-05-25 15:39:47'),
(654, 92, 4.30, '2017-05-25 15:39:48'),
(655, 93, 17.99, '2017-05-25 15:39:48'),
(656, 94, 18.00, '2017-05-25 15:39:49'),
(657, 95, 14.50, '2017-05-25 15:39:49'),
(658, 96, 18.90, '2017-05-25 15:39:50'),
(659, 97, 18.00, '2017-05-25 15:39:50'),
(660, 99, 8.50, '2017-05-25 15:39:51'),
(661, 100, 20.00, '2017-05-25 15:39:52'),
(662, 101, 14.99, '2017-05-25 15:39:52'),
(663, 102, 17.99, '2017-05-25 15:39:53'),
(664, 103, 19.99, '2017-05-25 15:39:53'),
(665, 104, 11.50, '2017-05-25 15:39:54'),
(666, 105, 13.25, '2017-05-25 15:39:54'),
(667, 106, 17.50, '2017-05-25 15:39:55'),
(668, 107, 12.50, '2017-05-25 15:39:55'),
(669, 108, 5.57, '2017-05-25 15:39:56'),
(670, 109, 6.99, '2017-05-25 15:39:56'),
(671, 110, 13.70, '2017-05-25 15:39:56'),
(672, 111, 23.25, '2017-05-25 15:39:57'),
(673, 112, 25.00, '2017-05-25 15:39:57'),
(674, 113, 5.47, '2017-05-25 15:39:58'),
(675, 115, 4.47, '2017-05-25 15:39:59'),
(676, 116, 6.71, '2017-05-25 15:40:00'),
(677, 117, 5.32, '2017-05-25 15:40:00'),
(678, 118, 10.00, '2017-05-25 15:40:01'),
(679, 119, 20.00, '2017-05-25 15:40:02'),
(680, 120, 7.99, '2017-05-25 15:40:02'),
(681, 121, 13.00, '2017-05-25 15:40:03'),
(682, 122, 5.25, '2017-05-25 15:40:04'),
(683, 123, 4.50, '2017-05-25 15:40:04'),
(684, 124, 9.24, '2017-05-25 15:40:05'),
(685, 125, 7.70, '2017-05-25 15:40:05'),
(686, 126, 15.00, '2017-05-25 15:40:06'),
(687, 127, 8.97, '2017-05-25 15:40:06'),
(688, 128, 4.99, '2017-05-25 15:40:07'),
(689, 129, 17.50, '2017-05-25 15:40:07'),
(690, 130, 13.76, '2017-05-25 15:40:08'),
(691, 131, 13.13, '2017-05-25 15:40:08'),
(692, 132, 12.95, '2017-05-25 15:40:09'),
(693, 133, 4.75, '2017-05-25 15:40:09'),
(694, 134, 9.99, '2017-05-25 15:40:10'),
(695, 135, 14.47, '2017-05-25 15:40:10'),
(696, 136, 15.99, '2017-05-25 15:40:11'),
(697, 137, 8.00, '2017-05-25 15:40:11'),
(698, 138, 8.50, '2017-05-25 15:40:12'),
(699, 139, 6.63, '2017-05-25 15:40:12'),
(700, 140, 8.13, '2017-05-25 15:40:13'),
(701, 141, 34.89, '2017-05-25 15:40:13'),
(702, 142, 3.83, '2017-05-25 15:40:13'),
(703, 143, 3.66, '2017-05-25 15:40:14'),
(704, 144, 4.89, '2017-05-25 15:40:15'),
(705, 145, 4.49, '2017-05-25 15:40:15'),
(706, 146, 4.99, '2017-05-25 15:40:16'),
(707, 147, 4.99, '2017-05-25 15:40:16'),
(708, 148, 7.50, '2017-05-25 15:40:16'),
(709, 149, 6.99, '2017-05-25 15:40:17'),
(710, 150, 6.65, '2017-05-25 15:40:18'),
(711, 151, 5.50, '2017-05-25 15:40:18'),
(712, 152, 3.25, '2017-05-25 15:40:19'),
(713, 153, 4.25, '2017-05-25 15:40:19'),
(714, 154, 2.57, '2017-05-25 15:40:20'),
(715, 155, 5.99, '2017-05-25 15:40:20'),
(716, 156, 3.99, '2017-05-25 15:40:21'),
(717, 157, 3.25, '2017-05-25 15:40:21'),
(718, 158, 10.00, '2017-05-25 15:40:22'),
(719, 159, 7.49, '2017-05-25 15:40:22'),
(720, 160, 11.00, '2017-05-25 15:40:23'),
(721, 161, 4.97, '2017-05-25 15:40:23'),
(722, 162, 11.99, '2017-05-25 15:40:24'),
(723, 163, 14.97, '2017-05-25 15:40:24'),
(724, 164, 10.99, '2017-05-25 15:40:25'),
(725, 165, 35.00, '2017-05-25 15:40:25'),
(726, 166, 16.00, '2017-05-25 15:40:26'),
(727, 167, 4.99, '2017-05-25 15:40:26'),
(728, 168, 6.50, '2017-05-25 15:40:26'),
(729, 169, 24.61, '2017-05-25 15:40:27'),
(730, 170, 10.49, '2017-05-25 15:40:27'),
(731, 193, 11.95, '2017-05-25 15:40:28'),
(732, 194, 2.26, '2017-05-25 15:40:28'),
(733, 198, 5.25, '2017-05-25 15:40:30'),
(734, 199, 16.99, '2017-05-25 15:40:31'),
(735, 200, 7.25, '2017-05-25 15:40:31'),
(736, 201, 4.00, '2017-05-25 15:40:32'),
(737, 202, 8.00, '2017-05-25 15:40:32'),
(738, 204, 9.38, '2017-05-25 15:40:33'),
(739, 206, 13.99, '2017-05-25 15:40:33'),
(740, 208, 8.14, '2017-05-25 15:40:34'),
(741, 209, 4.06, '2017-05-25 15:40:35'),
(742, 210, 14.50, '2017-05-25 15:40:36'),
(743, 212, 14.65, '2017-05-25 15:40:36'),
(744, 213, 21.50, '2017-05-25 15:40:37'),
(745, 214, 43.48, '2017-05-25 15:40:37'),
(746, 217, 11.99, '2017-05-25 15:40:37'),
(747, 218, 7.73, '2017-05-25 15:40:38'),
(748, 219, 9.73, '2017-05-25 15:40:39'),
(749, 224, 6.12, '2017-05-25 15:40:40'),
(750, 225, 18.50, '2017-05-25 15:40:41'),
(751, 328, 6.89, '2017-05-25 15:41:31'),
(752, 329, 9.95, '2017-05-25 15:41:31'),
(753, 332, 20.50, '2017-05-25 15:41:33'),
(754, 333, 21.95, '2017-05-25 15:41:33'),
(755, 374, 9.99, '2017-05-25 15:41:52'),
(756, 375, 9.99, '2017-05-25 15:41:52'),
(757, 376, 11.99, '2017-05-25 15:41:53'),
(758, 387, 14.99, '2017-05-25 15:41:56'),
(759, 388, 16.95, '2017-05-25 15:41:56'),
(760, 393, 4.75, '2017-05-25 15:41:57'),
(761, 394, 5.50, '2017-05-25 15:41:57'),
(762, 395, 4.00, '2017-05-25 15:41:58'),
(763, 398, 12.99, '2017-05-25 15:41:59'),
(764, 399, 5.10, '2017-05-25 15:42:00'),
(765, 400, 5.93, '2017-05-25 15:42:00'),
(766, 408, 6.98, '2017-05-25 15:42:04'),
(767, 415, 2.75, '2017-05-25 15:42:05'),
(768, 416, 10.00, '2017-05-25 15:42:06'),
(769, 423, 6.48, '2017-05-25 15:42:09'),
(770, 424, 6.39, '2017-05-25 15:42:10'),
(771, 427, 11.50, '2017-05-25 15:42:10'),
(772, 428, 48.27, '2017-05-25 15:42:11'),
(773, 430, 24.99, '2017-05-25 15:42:11'),
(774, 432, 20.50, '2017-05-25 15:42:12'),
(775, 433, 5.95, '2017-05-25 15:42:12'),
(776, 434, 4.98, '2017-05-25 15:42:13'),
(777, 1, 21.98, '2017-05-25 15:43:19'),
(778, 2, 13.01, '2017-05-25 15:43:19'),
(779, 3, 8.99, '2017-05-25 15:43:20'),
(780, 4, 59.99, '2017-05-25 15:43:20'),
(781, 5, 4.46, '2017-05-25 15:43:21'),
(782, 6, 28.49, '2017-05-25 15:43:21'),
(783, 7, 6.00, '2017-05-25 15:43:22'),
(784, 8, 6.25, '2017-05-25 15:43:22'),
(785, 9, 20.30, '2017-05-25 15:43:23'),
(786, 10, 10.73, '2017-05-25 15:43:23'),
(787, 11, 23.15, '2017-05-25 15:43:24'),
(788, 12, 1.50, '2017-05-25 15:43:24'),
(789, 1, 21.98, '2017-05-25 15:43:42'),
(790, 2, 13.01, '2017-05-25 15:43:42'),
(791, 3, 8.99, '2017-05-25 15:43:43'),
(792, 4, 59.99, '2017-05-25 15:43:43'),
(793, 5, 4.46, '2017-05-25 15:43:44'),
(794, 6, 28.49, '2017-05-25 15:43:45'),
(795, 7, 6.00, '2017-05-25 15:43:45'),
(796, 8, 6.25, '2017-05-25 15:43:45'),
(797, 9, 20.30, '2017-05-25 15:43:46'),
(798, 10, 10.73, '2017-05-25 15:43:47'),
(799, 11, 23.15, '2017-05-25 15:43:47'),
(800, 12, 1.50, '2017-05-25 15:43:48'),
(801, 13, 24.95, '2017-05-25 15:43:48'),
(802, 14, 29.95, '2017-05-25 15:43:49'),
(803, 15, 26.00, '2017-05-25 15:43:49'),
(804, 16, 4.16, '2017-05-25 15:43:50'),
(805, 17, 8.00, '2017-05-25 15:43:51'),
(806, 19, 9.99, '2017-05-25 15:43:52'),
(807, 20, 13.99, '2017-05-25 15:43:53'),
(808, 21, 270.01, '2017-05-25 15:43:53'),
(809, 22, 102.50, '2017-05-25 15:43:54'),
(810, 23, 39.97, '2017-05-25 15:43:54'),
(811, 24, 30.00, '2017-05-25 15:43:55'),
(812, 25, 11.00, '2017-05-25 15:43:55'),
(813, 26, 11.89, '2017-05-25 15:43:56'),
(814, 27, 10.91, '2017-05-25 15:43:57'),
(815, 28, 9.37, '2017-05-25 15:43:57'),
(816, 29, 5.00, '2017-05-25 15:43:58'),
(817, 30, 52.00, '2017-05-25 15:43:58'),
(818, 31, 11.76, '2017-05-25 15:43:59'),
(819, 32, 27.17, '2017-05-25 15:43:59'),
(820, 33, 18.35, '2017-05-25 15:44:00'),
(821, 34, 18.51, '2017-05-25 15:44:00'),
(822, 35, 14.50, '2017-05-25 15:44:01'),
(823, 36, 20.50, '2017-05-25 15:44:01'),
(824, 37, 36.27, '2017-05-25 15:44:02'),
(825, 38, 7.99, '2017-05-25 15:44:02'),
(826, 39, 34.00, '2017-05-25 15:44:03'),
(827, 40, 6.73, '2017-05-25 15:44:03'),
(828, 41, 8.80, '2017-05-25 15:44:04'),
(829, 42, 12.28, '2017-05-25 15:44:04'),
(830, 43, 21.09, '2017-05-25 15:44:05'),
(831, 44, 39.00, '2017-05-25 15:44:05'),
(832, 45, 16.50, '2017-05-25 15:44:06'),
(833, 47, 24.95, '2017-05-25 15:44:07'),
(834, 48, 39.00, '2017-05-25 15:44:08'),
(835, 49, 21.50, '2017-05-25 15:44:08'),
(836, 50, 27.65, '2017-05-25 15:44:09'),
(837, 51, 35.66, '2017-05-25 15:44:09'),
(838, 52, 6.75, '2017-05-25 15:44:10'),
(839, 53, 32.08, '2017-05-25 15:44:10'),
(840, 54, 20.50, '2017-05-25 15:44:11'),
(841, 55, 33.00, '2017-05-25 15:44:12'),
(842, 56, 49.07, '2017-05-25 15:44:12'),
(843, 57, 16.50, '2017-05-25 15:44:13'),
(844, 58, 27.96, '2017-05-25 15:44:14'),
(845, 59, 6.64, '2017-05-25 15:44:14'),
(846, 60, 20.00, '2017-05-25 15:44:15'),
(847, 61, 109.99, '2017-05-25 15:44:15'),
(848, 62, 10.50, '2017-05-25 15:44:16'),
(849, 63, 12.50, '2017-05-25 15:44:16'),
(850, 64, 22.00, '2017-05-25 15:44:17'),
(851, 65, 2.22, '2017-05-25 15:44:18'),
(852, 66, 9.95, '2017-05-25 15:44:18'),
(853, 67, 45.00, '2017-05-25 15:44:18'),
(854, 68, 16.50, '2017-05-25 15:44:19'),
(855, 69, 25.57, '2017-05-25 15:44:19'),
(856, 70, 4.26, '2017-05-25 15:44:20'),
(857, 71, 12.51, '2017-05-25 15:44:21'),
(858, 72, 24.17, '2017-05-25 15:44:21'),
(859, 73, 22.00, '2017-05-25 15:44:22'),
(860, 74, 35.00, '2017-05-25 15:44:22'),
(861, 75, 54.00, '2017-05-25 15:44:23'),
(862, 76, 72.17, '2017-05-25 15:44:23'),
(863, 77, 45.99, '2017-05-25 15:44:24'),
(864, 78, 17.97, '2017-05-25 15:44:24'),
(865, 79, 63.00, '2017-05-25 15:44:25'),
(866, 80, 16.88, '2017-05-25 15:44:25'),
(867, 81, 89.95, '2017-05-25 15:44:26'),
(868, 82, 34.89, '2017-05-25 15:44:26'),
(869, 83, 16.50, '2017-05-25 15:44:27'),
(870, 84, 4.48, '2017-05-25 15:44:27'),
(871, 85, 8.50, '2017-05-25 15:44:28'),
(872, 86, 26.00, '2017-05-25 15:44:28'),
(873, 87, 11.75, '2017-05-25 15:44:29'),
(874, 88, 13.00, '2017-05-25 15:44:29'),
(875, 89, 19.75, '2017-05-25 15:44:30'),
(876, 90, 13.75, '2017-05-25 15:44:30'),
(877, 91, 19.18, '2017-05-25 15:44:31'),
(878, 92, 4.30, '2017-05-25 15:44:31'),
(879, 93, 17.99, '2017-05-25 15:44:32'),
(880, 94, 18.00, '2017-05-25 15:44:32'),
(881, 95, 14.50, '2017-05-25 15:44:33'),
(882, 96, 18.90, '2017-05-25 15:44:33'),
(883, 97, 18.00, '2017-05-25 15:44:34'),
(884, 99, 8.50, '2017-05-25 15:44:36'),
(885, 100, 20.00, '2017-05-25 15:44:37'),
(886, 101, 14.99, '2017-05-25 15:44:37'),
(887, 102, 17.99, '2017-05-25 15:44:38'),
(888, 103, 19.99, '2017-05-25 15:44:38'),
(889, 104, 11.50, '2017-05-25 15:44:38'),
(890, 105, 13.25, '2017-05-25 15:44:39'),
(891, 106, 17.50, '2017-05-25 15:44:39'),
(892, 107, 12.50, '2017-05-25 15:44:40'),
(893, 108, 5.57, '2017-05-25 15:44:41'),
(894, 109, 6.99, '2017-05-25 15:44:41'),
(895, 110, 13.70, '2017-05-25 15:44:42'),
(896, 111, 23.25, '2017-05-25 15:44:42'),
(897, 112, 25.00, '2017-05-25 15:44:43'),
(898, 113, 5.47, '2017-05-25 15:44:43'),
(899, 115, 4.47, '2017-05-25 15:44:44'),
(900, 116, 6.71, '2017-05-25 15:44:45'),
(901, 117, 5.32, '2017-05-25 15:44:45'),
(902, 118, 10.00, '2017-05-25 15:44:46'),
(903, 119, 20.00, '2017-05-25 15:44:46'),
(904, 120, 7.99, '2017-05-25 15:44:47'),
(905, 121, 13.00, '2017-05-25 15:44:47'),
(906, 122, 5.25, '2017-05-25 15:44:49'),
(907, 123, 4.50, '2017-05-25 15:44:49'),
(908, 124, 9.24, '2017-05-25 15:44:50'),
(909, 125, 7.70, '2017-05-25 15:44:50'),
(910, 126, 15.00, '2017-05-25 15:44:51'),
(911, 127, 8.97, '2017-05-25 15:44:51'),
(912, 128, 4.99, '2017-05-25 15:44:52'),
(913, 129, 17.50, '2017-05-25 15:44:52'),
(914, 130, 13.76, '2017-05-25 15:44:53'),
(915, 131, 13.13, '2017-05-25 15:44:53'),
(916, 132, 12.95, '2017-05-25 15:44:54'),
(917, 133, 4.75, '2017-05-25 15:44:54'),
(918, 134, 9.99, '2017-05-25 15:44:55'),
(919, 135, 14.47, '2017-05-25 15:44:55'),
(920, 136, 15.99, '2017-05-25 15:44:56'),
(921, 137, 8.00, '2017-05-25 15:44:56'),
(922, 138, 8.50, '2017-05-25 15:44:57'),
(923, 139, 6.63, '2017-05-25 15:44:57'),
(924, 140, 8.13, '2017-05-25 15:44:58'),
(925, 141, 34.89, '2017-05-25 15:44:58'),
(926, 142, 3.83, '2017-05-25 15:44:59'),
(927, 143, 3.66, '2017-05-25 15:44:59'),
(928, 144, 4.89, '2017-05-25 15:45:00'),
(929, 145, 4.49, '2017-05-25 15:45:00'),
(930, 146, 4.99, '2017-05-25 15:45:01'),
(931, 147, 4.99, '2017-05-25 15:45:01'),
(932, 148, 7.50, '2017-05-25 15:45:02'),
(933, 149, 6.99, '2017-05-25 15:45:02'),
(934, 150, 6.65, '2017-05-25 15:45:03'),
(935, 151, 5.50, '2017-05-25 15:45:03'),
(936, 152, 3.25, '2017-05-25 15:45:04'),
(937, 153, 4.25, '2017-05-25 15:45:04'),
(938, 154, 2.57, '2017-05-25 15:45:05'),
(939, 155, 5.99, '2017-05-25 15:45:05'),
(940, 156, 3.99, '2017-05-25 15:45:06'),
(941, 157, 3.25, '2017-05-25 15:45:06'),
(942, 158, 10.00, '2017-05-25 15:45:07'),
(943, 159, 6.99, '2017-05-25 15:45:07'),
(944, 160, 11.00, '2017-05-25 15:45:08'),
(945, 161, 4.97, '2017-05-25 15:45:08'),
(946, 162, 11.99, '2017-05-25 15:45:09'),
(947, 163, 14.97, '2017-05-25 15:45:09'),
(948, 164, 10.99, '2017-05-25 15:45:10'),
(949, 165, 35.00, '2017-05-25 15:45:10'),
(950, 166, 16.00, '2017-05-25 15:45:11'),
(951, 167, 4.99, '2017-05-25 15:45:11'),
(952, 168, 6.50, '2017-05-25 15:45:12'),
(953, 169, 24.61, '2017-05-25 15:45:13'),
(954, 170, 10.49, '2017-05-25 15:45:14'),
(955, 193, 11.95, '2017-05-25 15:45:15'),
(956, 194, 2.26, '2017-05-25 15:45:15'),
(957, 198, 5.25, '2017-05-25 15:45:17'),
(958, 199, 16.99, '2017-05-25 15:45:17'),
(959, 200, 7.25, '2017-05-25 15:45:18'),
(960, 201, 4.00, '2017-05-25 15:45:18'),
(961, 202, 8.00, '2017-05-25 15:45:19'),
(962, 204, 9.38, '2017-05-25 15:45:19'),
(963, 206, 13.99, '2017-05-25 15:45:20'),
(964, 208, 8.14, '2017-05-25 15:45:21'),
(965, 209, 4.06, '2017-05-25 15:45:22'),
(966, 210, 14.50, '2017-05-25 15:45:22'),
(967, 212, 14.65, '2017-05-25 15:45:23'),
(968, 213, 21.50, '2017-05-25 15:45:24'),
(969, 214, 43.48, '2017-05-25 15:45:24'),
(970, 217, 11.99, '2017-05-25 15:45:25'),
(971, 218, 7.73, '2017-05-25 15:45:25'),
(972, 219, 9.73, '2017-05-25 15:45:26'),
(973, 224, 6.12, '2017-05-25 15:45:27'),
(974, 225, 18.50, '2017-05-25 15:45:28'),
(975, 328, 6.89, '2017-05-25 15:46:31'),
(976, 329, 9.95, '2017-05-25 15:46:31'),
(977, 332, 20.50, '2017-05-25 15:46:33'),
(978, 333, 21.95, '2017-05-25 15:46:33'),
(979, 374, 9.99, '2017-05-25 15:46:58'),
(980, 375, 9.99, '2017-05-25 15:46:58'),
(981, 376, 11.99, '2017-05-25 15:46:59'),
(982, 387, 14.99, '2017-05-25 15:47:02'),
(983, 388, 16.95, '2017-05-25 15:47:03'),
(984, 393, 4.75, '2017-05-25 15:47:04'),
(985, 394, 5.50, '2017-05-25 15:47:04'),
(986, 395, 4.00, '2017-05-25 15:47:05'),
(987, 398, 12.99, '2017-05-25 15:47:07'),
(988, 399, 5.10, '2017-05-25 15:47:08'),
(989, 400, 5.93, '2017-05-25 15:47:09'),
(990, 408, 6.98, '2017-05-25 15:47:13'),
(991, 415, 2.75, '2017-05-25 15:47:14'),
(992, 416, 10.00, '2017-05-25 15:47:15'),
(993, 423, 6.48, '2017-05-25 15:47:19'),
(994, 424, 6.39, '2017-05-25 15:47:20'),
(995, 427, 11.50, '2017-05-25 15:47:20'),
(996, 428, 48.27, '2017-05-25 15:47:21'),
(997, 430, 24.99, '2017-05-25 15:47:22'),
(998, 432, 20.50, '2017-05-25 15:47:22'),
(999, 433, 5.95, '2017-05-25 15:47:23'),
(1000, 434, 4.98, '2017-05-25 15:47:23'),
(1001, 4, 60.05, '2017-09-26 02:35:09'),
(1002, 6, 26.23, '2017-09-26 02:35:10'),
(1003, 9, 19.49, '2017-09-26 02:35:10'),
(1004, 13, 17.50, '2017-09-26 02:35:10'),
(1005, 14, 29.99, '2017-09-26 02:35:11'),
(1006, 15, 26.48, '2017-09-26 02:35:11'),
(1007, 16, 4.25, '2017-09-26 02:35:11'),
(1008, 20, 13.78, '2017-09-26 02:35:11'),
(1009, 22, 129.99, '2017-09-26 02:35:12'),
(1010, 23, 39.50, '2017-09-26 02:35:12'),
(1011, 24, 27.91, '2017-09-26 02:35:12'),
(1012, 25, 5.10, '2017-09-26 02:35:13'),
(1013, 26, 12.97, '2017-09-26 02:35:13'),
(1014, 27, 10.75, '2017-09-26 02:35:14'),
(1015, 28, 9.99, '2017-09-26 02:35:14'),
(1016, 29, 6.89, '2017-09-26 02:35:15'),
(1017, 30, 54.26, '2017-09-26 02:35:15'),
(1018, 31, 15.00, '2017-09-26 02:35:15'),
(1019, 32, 24.99, '2017-09-26 02:35:16'),
(1020, 33, 16.00, '2017-09-26 02:35:16'),
(1021, 34, 21.97, '2017-09-26 02:35:16'),
(1022, 35, 13.50, '2017-09-26 02:35:17'),
(1023, 37, 29.99, '2017-09-26 02:35:17'),
(1024, 39, 32.00, '2017-09-26 02:35:17'),
(1025, 40, 9.97, '2017-09-26 02:35:18'),
(1026, 42, 12.98, '2017-09-26 02:35:18'),
(1027, 43, 24.90, '2017-09-26 02:35:18'),
(1028, 44, 36.00, '2017-09-26 02:35:19'),
(1029, 45, 16.99, '2017-09-26 02:35:19'),
(1030, 47, 27.99, '2017-09-26 02:35:20'),
(1031, 48, 33.60, '2017-09-26 02:35:20'),
(1032, 49, 23.90, '2017-09-26 02:35:20'),
(1033, 50, 28.18, '2017-09-26 02:35:21'),
(1034, 51, 33.56, '2017-09-26 02:35:21'),
(1035, 52, 5.34, '2017-09-26 02:35:22'),
(1036, 53, 34.50, '2017-09-26 02:35:22'),
(1037, 54, 20.97, '2017-09-26 02:35:22'),
(1038, 55, 34.00, '2017-09-26 02:35:23'),
(1039, 56, 48.69, '2017-09-26 02:35:23'),
(1040, 57, 16.50, '2017-09-26 02:35:23'),
(1041, 59, 6.08, '2017-09-26 02:35:24'),
(1042, 60, 18.99, '2017-09-26 02:35:24'),
(1043, 61, 192.45, '2017-09-26 02:35:25'),
(1044, 62, 10.99, '2017-09-26 02:35:25'),
(1045, 63, 15.97, '2017-09-26 02:35:26'),
(1046, 64, 14.99, '2017-09-26 02:35:26'),
(1047, 65, 4.75, '2017-09-26 02:35:26'),
(1048, 66, 10.25, '2017-09-26 02:35:27'),
(1049, 67, 45.00, '2017-09-26 02:35:27'),
(1050, 68, 16.00, '2017-09-26 02:35:27'),
(1051, 69, 22.50, '2017-09-26 02:35:28'),
(1052, 70, 5.50, '2017-09-26 02:35:28'),
(1053, 71, 12.50, '2017-09-26 02:35:29'),
(1054, 72, 22.97, '2017-09-26 02:35:29'),
(1055, 73, 20.00, '2017-09-26 02:35:29'),
(1056, 74, 39.95, '2017-09-26 02:35:30'),
(1057, 75, 63.99, '2017-09-26 02:35:31'),
(1058, 76, 60.50, '2017-09-26 02:35:31'),
(1059, 77, 39.99, '2017-09-26 02:35:31'),
(1060, 78, 19.47, '2017-09-26 02:35:32'),
(1061, 79, 56.78, '2017-09-26 02:35:32'),
(1062, 80, 18.81, '2017-09-26 02:35:32'),
(1063, 81, 66.00, '2017-09-26 02:35:33'),
(1064, 82, 34.95, '2017-09-26 02:35:34'),
(1065, 83, 14.75, '2017-09-26 02:35:34'),
(1066, 84, 5.24, '2017-09-26 02:35:34'),
(1067, 86, 24.50, '2017-09-26 02:35:35'),
(1068, 88, 14.88, '2017-09-26 02:35:36'),
(1069, 89, 18.99, '2017-09-26 02:35:36'),
(1070, 90, 12.50, '2017-09-26 02:35:37'),
(1071, 91, 23.00, '2017-09-26 02:35:37'),
(1072, 92, 3.00, '2017-09-26 02:35:38'),
(1073, 93, 19.50, '2017-09-26 02:35:38'),
(1074, 94, 16.50, '2017-09-26 02:35:38'),
(1075, 95, 14.93, '2017-09-26 02:35:39'),
(1076, 96, 18.48, '2017-09-26 02:35:39'),
(1077, 97, 15.00, '2017-09-26 02:35:39'),
(1078, 99, 11.06, '2017-09-26 02:35:40'),
(1079, 100, 17.17, '2017-09-26 02:35:41'),
(1080, 101, 15.50, '2017-09-26 02:35:41'),
(1081, 102, 17.75, '2017-09-26 02:35:41'),
(1082, 103, 17.14, '2017-09-26 02:35:42'),
(1083, 104, 12.95, '2017-09-26 02:35:42'),
(1084, 105, 12.99, '2017-09-26 02:35:43'),
(1085, 106, 21.24, '2017-09-26 02:35:43'),
(1086, 107, 11.50, '2017-09-26 02:35:43'),
(1087, 108, 5.67, '2017-09-26 02:35:44'),
(1088, 109, 7.47, '2017-09-26 02:35:44'),
(1089, 110, 16.99, '2017-09-26 02:35:44'),
(1090, 111, 19.33, '2017-09-26 02:35:44'),
(1091, 112, 29.73, '2017-09-26 02:35:45'),
(1092, 113, 8.90, '2017-09-26 02:35:46'),
(1093, 115, 5.87, '2017-09-26 02:35:46'),
(1094, 116, 5.73, '2017-09-26 02:35:47'),
(1095, 117, 5.99, '2017-09-26 02:35:47'),
(1096, 118, 5.99, '2017-09-26 02:35:47'),
(1097, 119, 15.25, '2017-09-26 02:35:47'),
(1098, 120, 8.09, '2017-09-26 02:35:48'),
(1099, 121, 12.98, '2017-09-26 02:35:48'),
(1100, 122, 4.99, '2017-09-26 02:35:48'),
(1101, 123, 4.99, '2017-09-26 02:35:49'),
(1102, 124, 8.03, '2017-09-26 02:35:49'),
(1103, 125, 7.50, '2017-09-26 02:35:50'),
(1104, 126, 15.00, '2017-09-26 02:35:50'),
(1105, 127, 8.10, '2017-09-26 02:35:51'),
(1106, 129, 14.50, '2017-09-26 02:35:51'),
(1107, 130, 12.88, '2017-09-26 02:35:52'),
(1108, 131, 14.00, '2017-09-26 02:35:52'),
(1109, 132, 13.19, '2017-09-26 02:35:53'),
(1110, 133, 5.00, '2017-09-26 02:35:53'),
(1111, 134, 9.50, '2017-09-26 02:35:54'),
(1112, 135, 12.99, '2017-09-26 02:35:55'),
(1113, 138, 8.99, '2017-09-26 02:35:55'),
(1114, 139, 6.00, '2017-09-26 02:35:55'),
(1115, 140, 9.99, '2017-09-26 02:35:56'),
(1116, 141, 33.00, '2017-09-26 02:35:56'),
(1117, 142, 3.87, '2017-09-26 02:35:56'),
(1118, 143, 3.35, '2017-09-26 02:35:57'),
(1119, 144, 5.00, '2017-09-26 02:35:57'),
(1120, 145, 5.00, '2017-09-26 02:35:58'),
(1121, 146, 5.05, '2017-09-26 02:35:58'),
(1122, 147, 5.00, '2017-09-26 02:35:59'),
(1123, 148, 7.99, '2017-09-26 02:35:59'),
(1124, 149, 5.49, '2017-09-26 02:35:59'),
(1125, 150, 7.08, '2017-09-26 02:36:00'),
(1126, 151, 6.74, '2017-09-26 02:36:00'),
(1127, 152, 4.98, '2017-09-26 02:36:00'),
(1128, 153, 7.00, '2017-09-26 02:36:01'),
(1129, 154, 4.97, '2017-09-26 02:36:01'),
(1130, 155, 6.86, '2017-09-26 02:36:02'),
(1131, 156, 5.61, '2017-09-26 02:36:02'),
(1132, 157, 4.85, '2017-09-26 02:36:03'),
(1133, 159, 6.98, '2017-09-26 02:36:03'),
(1134, 160, 11.99, '2017-09-26 02:36:04'),
(1135, 161, 4.97, '2017-09-26 02:36:04'),
(1136, 162, 12.15, '2017-09-26 02:36:04'),
(1137, 163, 15.51, '2017-09-26 02:36:05'),
(1138, 164, 9.99, '2017-09-26 02:36:05'),
(1139, 165, 30.65, '2017-09-26 02:36:05'),
(1140, 167, 4.79, '2017-09-26 02:36:06'),
(1141, 168, 6.00, '2017-09-26 02:36:06'),
(1142, 169, 20.75, '2017-09-26 02:36:07'),
(1143, 193, 11.95, '2017-09-26 02:36:07'),
(1144, 194, 5.95, '2017-09-26 02:36:08'),
(1145, 198, 5.94, '2017-09-26 02:36:08'),
(1146, 202, 6.00, '2017-09-26 02:36:09'),
(1147, 204, 10.25, '2017-09-26 02:36:09'),
(1148, 206, 13.50, '2017-09-26 02:36:09'),
(1149, 208, 5.99, '2017-09-26 02:36:10'),
(1150, 209, 3.67, '2017-09-26 02:36:10'),
(1151, 210, 17.24, '2017-09-26 02:36:11'),
(1152, 212, 14.80, '2017-09-26 02:36:11'),
(1153, 213, 25.65, '2017-09-26 02:36:11'),
(1154, 214, 32.54, '2017-09-26 02:36:12'),
(1155, 217, 14.99, '2017-09-26 02:36:12'),
(1156, 218, 7.99, '2017-09-26 02:36:12'),
(1157, 219, 9.99, '2017-09-26 02:36:13'),
(1158, 328, 5.65, '2017-09-26 02:36:47'),
(1159, 329, 9.95, '2017-09-26 02:36:48'),
(1160, 332, 13.00, '2017-09-26 02:36:48'),
(1161, 333, 13.82, '2017-09-26 02:36:49'),
(1162, 374, 8.00, '2017-09-26 02:37:02'),
(1163, 375, 9.95, '2017-09-26 02:37:03'),
(1164, 376, 8.49, '2017-09-26 02:37:03'),
(1165, 387, 9.99, '2017-09-26 02:37:06'),
(1166, 388, 14.95, '2017-09-26 02:37:06'),
(1167, 393, 4.13, '2017-09-26 02:37:07'),
(1168, 394, 4.58, '2017-09-26 02:37:07'),
(1169, 395, 4.74, '2017-09-26 02:37:07'),
(1170, 398, 14.99, '2017-09-26 02:37:09'),
(1171, 399, 5.39, '2017-09-26 02:37:09'),
(1172, 400, 4.00, '2017-09-26 02:37:10'),
(1173, 408, 3.50, '2017-09-26 02:37:13'),
(1174, 415, 3.75, '2017-09-26 02:37:14'),
(1175, 416, 9.99, '2017-09-26 02:37:14'),
(1176, 423, 9.95, '2017-09-26 02:37:16'),
(1177, 424, 6.99, '2017-09-26 02:37:17'),
(1178, 427, 13.06, '2017-09-26 02:37:17'),
(1179, 428, 42.01, '2017-09-26 02:37:17'),
(1180, 430, 24.50, '2017-09-26 02:37:18'),
(1181, 432, 17.58, '2017-09-26 02:37:18'),
(1182, 433, 5.99, '2017-09-26 02:37:19'),
(1183, 434, 4.51, '2017-09-26 02:37:19'),
(1184, 436, 45.00, '2017-09-26 02:37:20'),
(1185, 440, 24.99, '2017-09-26 02:37:21'),
(1186, 442, 10.00, '2017-09-26 02:37:21'),
(1187, 443, 10.99, '2017-09-26 02:37:22'),
(1188, 444, 11.10, '2017-09-26 02:37:22'),
(1189, 446, 27.80, '2017-09-26 02:37:23'),
(1190, 447, 4.69, '2017-09-26 02:37:23'),
(1191, 448, 5.65, '2017-09-26 02:37:23'),
(1192, 452, 4.99, '2017-09-26 02:37:24'),
(1193, 453, 5.48, '2017-09-26 02:37:25'),
(1194, 454, 63.59, '2017-09-26 02:37:25'),
(1195, 455, 24.49, '2017-09-26 02:37:26'),
(1196, 456, 9.49, '2017-09-26 02:37:26'),
(1197, 457, 9.99, '2017-09-26 02:37:27'),
(1198, 458, 26.00, '2017-09-26 02:37:27'),
(1199, 459, 14.45, '2017-09-26 02:37:27'),
(1200, 460, 25.00, '2017-09-26 02:37:28'),
(1201, 461, 8.95, '2017-09-26 02:37:28'),
(1202, 465, 18.12, '2017-09-26 02:37:30');

--
-- Indexes for dumped tables
--

--
-- Indexes for table `category`
--
ALTER TABLE `category`
  ADD PRIMARY KEY (`catID`);

--
-- Indexes for table `condition`
--
ALTER TABLE `condition`
  ADD PRIMARY KEY (`condID`);

--
-- Indexes for table `console`
--
ALTER TABLE `console`
  ADD PRIMARY KEY (`conID`);

--
-- Indexes for table `extra`
--
ALTER TABLE `extra`
  ADD PRIMARY KEY (`extraID`);

--
-- Indexes for table `item`
--
ALTER TABLE `item`
  ADD PRIMARY KEY (`itemID`),
  ADD KEY `itemName` (`itemName`);

--
-- Indexes for table `style`
--
ALTER TABLE `style`
  ADD PRIMARY KEY (`styleID`);

--
-- Indexes for table `value`
--
ALTER TABLE `value`
  ADD PRIMARY KEY (`valID`);

--
-- AUTO_INCREMENT for dumped tables
--

--
-- AUTO_INCREMENT for table `category`
--
ALTER TABLE `category`
  MODIFY `catID` int(11) NOT NULL AUTO_INCREMENT, AUTO_INCREMENT=5;
--
-- AUTO_INCREMENT for table `condition`
--
ALTER TABLE `condition`
  MODIFY `condID` int(11) NOT NULL AUTO_INCREMENT, AUTO_INCREMENT=5;
--
-- AUTO_INCREMENT for table `console`
--
ALTER TABLE `console`
  MODIFY `conID` int(11) NOT NULL AUTO_INCREMENT, AUTO_INCREMENT=30;
--
-- AUTO_INCREMENT for table `extra`
--
ALTER TABLE `extra`
  MODIFY `extraID` int(11) NOT NULL AUTO_INCREMENT, AUTO_INCREMENT=77;
--
-- AUTO_INCREMENT for table `item`
--
ALTER TABLE `item`
  MODIFY `itemID` bigint(20) NOT NULL AUTO_INCREMENT, AUTO_INCREMENT=473;
--
-- AUTO_INCREMENT for table `style`
--
ALTER TABLE `style`
  MODIFY `styleID` int(11) NOT NULL AUTO_INCREMENT, AUTO_INCREMENT=18;
--
-- AUTO_INCREMENT for table `value`
--
ALTER TABLE `value`
  MODIFY `valID` int(11) NOT NULL AUTO_INCREMENT, AUTO_INCREMENT=1203;
/*!40101 SET CHARACTER_SET_CLIENT=@OLD_CHARACTER_SET_CLIENT */;
/*!40101 SET CHARACTER_SET_RESULTS=@OLD_CHARACTER_SET_RESULTS */;
/*!40101 SET COLLATION_CONNECTION=@OLD_COLLATION_CONNECTION */;
